image,true_class,predicted_class,confidence,second_prediction,third_prediction,full_path
Alambadi_101.png,Alambadi,Amritmahal,0.0706,Pulikulam (0.0607),Kankrej (0.0596),./data/test\Alambadi\Alambadi_101.png
Alambadi_11.png,Alambadi,Toda,0.0736,Umblachery (0.0550),Gir (0.0492),./data/test\Alambadi\Alambadi_11.png
Alambadi_18.png,Alambadi,Khillari,0.0542,Hallikar (0.0428),Kangayam (0.0376),./data/test\Alambadi\Alambadi_18.png
Alambadi_20.png,Alambadi,Surti,0.0632,Rathi (0.0586),Pulikulam (0.0541),./data/test\Alambadi\Alambadi_20.png
Alambadi_23.png,Alambadi,Hallikar,0.0836,Ongole (0.0828),Deoni (0.0686),./data/test\Alambadi\Alambadi_23.png
Alambadi_37.png,Alambadi,Holstein_Friesian,0.2674,Dangi (0.1467),Ayrshire (0.1066),./data/test\Alambadi\Alambadi_37.png
Alambadi_58.png,Alambadi,Banni,0.1117,Jaffrabadi (0.0974),Mehsana (0.0952),./data/test\Alambadi\Alambadi_58.png
Alambadi_72.png,Alambadi,Ongole,0.0921,Hallikar (0.0780),Deoni (0.0662),./data/test\Alambadi\Alambadi_72.png
Alambadi_78.png,Alambadi,Hallikar,0.0584,Khillari (0.0522),Alambadi (0.0481),./data/test\Alambadi\Alambadi_78.png
Alambadi_83.jpg,Alambadi,Banni,0.1441,Murrah (0.1398),Nili_Ravi (0.1133),./data/test\Alambadi\Alambadi_83.jpg
Alambadi_88.png,Alambadi,Pulikulam,0.0967,Rathi (0.0720),Kankrej (0.0707),./data/test\Alambadi\Alambadi_88.png
Alambadi_95.png,Alambadi,Kangayam,0.1151,Alambadi (0.1095),Hallikar (0.0953),./data/test\Alambadi\Alambadi_95.png
Alambadi_97.png,Alambadi,Banni,0.0967,Nili_Ravi (0.0959),Kasargod (0.0863),./data/test\Alambadi\Alambadi_97.png
Amritmahal_25.png,Amritmahal,Pulikulam,0.2064,Amritmahal (0.1414),Kangayam (0.1042),./data/test\Amritmahal\Amritmahal_25.png
Amritmahal_26.png,Amritmahal,Kankrej,0.1386,Pulikulam (0.0877),Hallikar (0.0610),./data/test\Amritmahal\Amritmahal_26.png
Amritmahal_38.png,Amritmahal,Pulikulam,0.1785,Amritmahal (0.0821),Kangayam (0.0745),./data/test\Amritmahal\Amritmahal_38.png
Amritmahal_4.jpg,Amritmahal,Hariana,0.0767,Ongole (0.0748),Deoni (0.0692),./data/test\Amritmahal\Amritmahal_4.jpg
Amritmahal_46.png,Amritmahal,Pulikulam,0.1149,Kangayam (0.0972),Kankrej (0.0917),./data/test\Amritmahal\Amritmahal_46.png
Amritmahal_55.png,Amritmahal,Hallikar,0.1546,Khillari (0.1319),Nagori (0.0848),./data/test\Amritmahal\Amritmahal_55.png
Amritmahal_62.png,Amritmahal,Kankrej,0.0585,Amritmahal (0.0398),Alambadi (0.0368),./data/test\Amritmahal\Amritmahal_62.png
Amritmahal_67.png,Amritmahal,Hallikar,0.1148,Deoni (0.1103),Ongole (0.0889),./data/test\Amritmahal\Amritmahal_67.png
Amritmahal_74.jpg,Amritmahal,Kankrej,0.1214,Ongole (0.0790),Tharparkar (0.0669),./data/test\Amritmahal\Amritmahal_74.jpg
Amritmahal_75.jpg,Amritmahal,Kankrej,0.1242,Amritmahal (0.1095),Hallikar (0.0846),./data/test\Amritmahal\Amritmahal_75.jpg
Amritmahal_85.png,Amritmahal,Hallikar,0.112,Ongole (0.1022),Tharparkar (0.1015),./data/test\Amritmahal\Amritmahal_85.png
Amritmahal_86.png,Amritmahal,Hallikar,0.0959,Khillari (0.0588),Alambadi (0.0553),./data/test\Amritmahal\Amritmahal_86.png
Amritmahal_93.jpg,Amritmahal,Krishna_Valley,0.0591,Hallikar (0.0497),Amritmahal (0.0444),./data/test\Amritmahal\Amritmahal_93.jpg
Amritmahal_95.jpg,Amritmahal,Hariana,0.122,Tharparkar (0.1061),Ongole (0.1059),./data/test\Amritmahal\Amritmahal_95.jpg
Ayrshire_103.jpg,Ayrshire,Tharparkar,0.0825,Deoni (0.0641),Ongole (0.0623),./data/test\Ayrshire\Ayrshire_103.jpg
Ayrshire_150.jpg,Ayrshire,Guernsey,0.2217,Red_Dane (0.1556),Ayrshire (0.1446),./data/test\Ayrshire\Ayrshire_150.jpg
Ayrshire_156.jpg,Ayrshire,Jersey,0.2321,Guernsey (0.2046),Ayrshire (0.1560),./data/test\Ayrshire\Ayrshire_156.jpg
Ayrshire_16.jpg,Ayrshire,Guernsey,0.3306,Ayrshire (0.2814),Jersey (0.1686),./data/test\Ayrshire\Ayrshire_16.jpg
Ayrshire_197.jpg,Ayrshire,Brown_Swiss,0.0584,Holstein_Friesian (0.0538),Toda (0.0436),./data/test\Ayrshire\Ayrshire_197.jpg
Ayrshire_208.jpg,Ayrshire,Guernsey,0.2518,Ayrshire (0.2443),Jersey (0.1384),./data/test\Ayrshire\Ayrshire_208.jpg
Ayrshire_218.jpg,Ayrshire,Holstein_Friesian,0.491,Ayrshire (0.1517),Dangi (0.0947),./data/test\Ayrshire\Ayrshire_218.jpg
Ayrshire_4.jpg,Ayrshire,Jersey,0.1849,Guernsey (0.1849),Ayrshire (0.1646),./data/test\Ayrshire\Ayrshire_4.jpg
Ayrshire_56.jpg,Ayrshire,Toda,0.0882,Ayrshire (0.0872),Holstein_Friesian (0.0694),./data/test\Ayrshire\Ayrshire_56.jpg
00000002.jpg,Banni,Kangayam,0.0714,Pulikulam (0.0672),Hallikar (0.0541),./data/test\Banni\00000002.jpg
00000006.jpg,Banni,Murrah,0.0708,Banni (0.0665),Kasargod (0.0619),./data/test\Banni\00000006.jpg
00000016.jpg,Banni,Bhadawari,0.1496,Toda (0.1366),Banni (0.1002),./data/test\Banni\00000016.jpg
00000026.jpg,Banni,Jaffrabadi,0.1625,Banni (0.1435),Murrah (0.0970),./data/test\Banni\00000026.jpg
00000097.jpg,Banni,Murrah,0.1521,Banni (0.1218),Jaffrabadi (0.1036),./data/test\Banni\00000097.jpg
00000100.jpg,Banni,Jaffrabadi,0.1613,Banni (0.1466),Murrah (0.0989),./data/test\Banni\00000100.jpg
00000177.jpg,Banni,Kasargod,0.0989,Jaffrabadi (0.0775),Kangayam (0.0654),./data/test\Banni\00000177.jpg
00000182.jpg,Banni,Mehsana,0.1085,Banni (0.0898),Toda (0.0896),./data/test\Banni\00000182.jpg
00000196.jpg,Banni,Jaffrabadi,0.1424,Banni (0.1313),Toda (0.1242),./data/test\Banni\00000196.jpg
00000272.jpg,Banni,Murrah,0.1703,Banni (0.1233),Surti (0.0872),./data/test\Banni\00000272.jpg
Bargur_44.jpg,Bargur,Ayrshire,0.1108,Toda (0.0715),Red_Dane (0.0621),./data/test\Bargur\Bargur_44.jpg
Bargur_54.png,Bargur,Dangi,0.3075,Bargur (0.2831),Rathi (0.0822),./data/test\Bargur\Bargur_54.png
Bargur_75.jpg,Bargur,Guernsey,0.129,Jersey (0.1096),Red_Dane (0.1002),./data/test\Bargur\Bargur_75.jpg
Bargur_94.jpg,Bargur,Rathi,0.4016,Bargur (0.1887),Pulikulam (0.0547),./data/test\Bargur\Bargur_94.jpg
Bhadawari_18.jpg,Bhadawari,Toda,0.2678,Brown_Swiss (0.1398),Bhadawari (0.0734),./data/test\Bhadawari\Bhadawari_18.jpg
Bhadawari_40.jpg,Bhadawari,Mehsana,0.0784,Toda (0.0666),Bhadawari (0.0659),./data/test\Bhadawari\Bhadawari_40.jpg
Bhadawari_41.jpg,Bhadawari,Brown_Swiss,0.2944,Toda (0.1437),Jersey (0.0809),./data/test\Bhadawari\Bhadawari_41.jpg
Bhadawari_46.jpg,Bhadawari,Toda,0.5558,Bhadawari (0.0772),Brown_Swiss (0.0632),./data/test\Bhadawari\Bhadawari_46.jpg
Bhadawari_48.jpg,Bhadawari,Toda,0.098,Jersey (0.0933),Ayrshire (0.0695),./data/test\Bhadawari\Bhadawari_48.jpg
Bhadawari_60.jpg,Bhadawari,Murrah,0.1429,Bhadawari (0.1188),Surti (0.0952),./data/test\Bhadawari\Bhadawari_60.jpg
Bhadawari_82.jpg,Bhadawari,Brown_Swiss,0.3203,Toda (0.1211),Jersey (0.0683),./data/test\Bhadawari\Bhadawari_82.jpg
Bhadawari_86.jpg,Bhadawari,Toda,0.4333,Brown_Swiss (0.0692),Bhadawari (0.0553),./data/test\Bhadawari\Bhadawari_86.jpg
Bhadawari_9.jpg,Bhadawari,Red_Dane,0.1145,Brown_Swiss (0.0955),Jersey (0.0741),./data/test\Bhadawari\Bhadawari_9.jpg
Brown_Swiss_105.jpg,Brown_Swiss,Jersey,0.0897,Brown_Swiss (0.0799),Red_Dane (0.0717),./data/test\Brown_Swiss\Brown_Swiss_105.jpg
Brown_Swiss_108.jpg,Brown_Swiss,Jersey,0.1612,Brown_Swiss (0.1402),Guernsey (0.1230),./data/test\Brown_Swiss\Brown_Swiss_108.jpg
Brown_Swiss_145.jpg,Brown_Swiss,Jersey,0.2157,Red_Dane (0.1666),Guernsey (0.1065),./data/test\Brown_Swiss\Brown_Swiss_145.jpg
Brown_Swiss_150.jpg,Brown_Swiss,Toda,0.0943,Bhadawari (0.0741),Brown_Swiss (0.0598),./data/test\Brown_Swiss\Brown_Swiss_150.jpg
Brown_Swiss_157.jpg,Brown_Swiss,Jersey,0.3942,Brown_Swiss (0.1240),Red_Dane (0.1183),./data/test\Brown_Swiss\Brown_Swiss_157.jpg
Brown_Swiss_18.jpg,Brown_Swiss,Jersey,0.3832,Brown_Swiss (0.2011),Guernsey (0.1070),./data/test\Brown_Swiss\Brown_Swiss_18.jpg
Brown_Swiss_196.jpg,Brown_Swiss,Toda,0.0721,Holstein_Friesian (0.0705),Mehsana (0.0605),./data/test\Brown_Swiss\Brown_Swiss_196.jpg
Brown_Swiss_206.jpg,Brown_Swiss,Bhadawari,0.1345,Toda (0.1112),Banni (0.0659),./data/test\Brown_Swiss\Brown_Swiss_206.jpg
Brown_Swiss_207.jpg,Brown_Swiss,Ayrshire,0.4472,Guernsey (0.2264),Red_Dane (0.0587),./data/test\Brown_Swiss\Brown_Swiss_207.jpg
Brown_Swiss_208.jpg,Brown_Swiss,Jersey,0.2526,Brown_Swiss (0.1990),Red_Dane (0.1378),./data/test\Brown_Swiss\Brown_Swiss_208.jpg
Brown_Swiss_223.jpg,Brown_Swiss,Jersey,0.1212,Brown_Swiss (0.1145),Toda (0.1123),./data/test\Brown_Swiss\Brown_Swiss_223.jpg
Brown_Swiss_26.jpg,Brown_Swiss,Jersey,0.3065,Guernsey (0.1890),Brown_Swiss (0.1499),./data/test\Brown_Swiss\Brown_Swiss_26.jpg
Brown_Swiss_50.jpg,Brown_Swiss,Bhadawari,0.143,Toda (0.1105),Jaffrabadi (0.0639),./data/test\Brown_Swiss\Brown_Swiss_50.jpg
Brown_Swiss_58.jpg,Brown_Swiss,Jersey,0.0773,Brown_Swiss (0.0703),Bhadawari (0.0604),./data/test\Brown_Swiss\Brown_Swiss_58.jpg
Brown_Swiss_7.jpg,Brown_Swiss,Toda,0.2458,Brown_Swiss (0.1726),Jersey (0.1701),./data/test\Brown_Swiss\Brown_Swiss_7.jpg
Brown_Swiss_70.jpg,Brown_Swiss,Red_Dane,0.1493,Jersey (0.1230),Vechur (0.0811),./data/test\Brown_Swiss\Brown_Swiss_70.jpg
Brown_Swiss_86.jpg,Brown_Swiss,Kankrej,0.066,Brown_Swiss (0.0595),Hariana (0.0552),./data/test\Brown_Swiss\Brown_Swiss_86.jpg
Brown_Swiss_88.jpg,Brown_Swiss,Jersey,0.1529,Brown_Swiss (0.1517),Krishna_Valley (0.1156),./data/test\Brown_Swiss\Brown_Swiss_88.jpg
Brown_Swiss_89.jpg,Brown_Swiss,Ayrshire,0.3442,Guernsey (0.2857),Red_Dane (0.0887),./data/test\Brown_Swiss\Brown_Swiss_89.jpg
00000007.jpg,Dangi,Bargur,0.6045,Rathi (0.1201),Nimari (0.0806),./data/test\Dangi\00000007.jpg
00000045.jpeg,Dangi,Pulikulam,0.1511,Kangayam (0.0892),Alambadi (0.0654),./data/test\Dangi\00000045.jpeg
00000046.jpg,Dangi,Brown_Swiss,0.0878,Ayrshire (0.0681),Dangi (0.0593),./data/test\Dangi\00000046.jpg
00000055.jpg,Dangi,Kangayam,0.0687,Jaffrabadi (0.0562),Amritmahal (0.0562),./data/test\Dangi\00000055.jpg
00000151.jpg,Dangi,Bargur,0.419,Ayrshire (0.1951),Dangi (0.1047),./data/test\Dangi\00000151.jpg
Deoni_18.png,Deoni,Tharparkar,0.2615,Ongole (0.1743),Hariana (0.1711),./data/test\Deoni\Deoni_18.png
Deoni_2.JPG,Deoni,Khillari,0.1071,Ongole (0.1027),Nagori (0.0957),./data/test\Deoni\Deoni_2.JPG
Deoni_46.jpg,Deoni,Kankrej,0.0554,Jaffrabadi (0.0523),Nagori (0.0516),./data/test\Deoni\Deoni_46.jpg
Deoni_47.jpg,Deoni,Tharparkar,0.1286,Khillari (0.1110),Hariana (0.0727),./data/test\Deoni\Deoni_47.jpg
Deoni_56.jpg,Deoni,Kankrej,0.0851,Ongole (0.0701),Hallikar (0.0610),./data/test\Deoni\Deoni_56.jpg
Deoni_6.jpg,Deoni,Tharparkar,0.1926,Ongole (0.1911),Deoni (0.1704),./data/test\Deoni\Deoni_6.jpg
Deoni_64.png,Deoni,Dangi,0.2565,Holstein_Friesian (0.1005),Alambadi (0.0955),./data/test\Deoni\Deoni_64.png
Deoni_66.jpg,Deoni,Nagori,0.0861,Hallikar (0.0760),Alambadi (0.0692),./data/test\Deoni\Deoni_66.jpg
Deoni_77.jpg,Deoni,Ongole,0.1387,Deoni (0.0943),Khillari (0.0784),./data/test\Deoni\Deoni_77.jpg
Deoni_83.png,Deoni,Khillari,0.0567,Hallikar (0.0539),Alambadi (0.0498),./data/test\Deoni\Deoni_83.png
Deoni_87.jpg,Deoni,Kankrej,0.1187,Hallikar (0.1111),Ongole (0.0821),./data/test\Deoni\Deoni_87.jpg
Deoni_91.jpg,Deoni,Umblachery,0.0461,Kangayam (0.0441),Krishna_Valley (0.0435),./data/test\Deoni\Deoni_91.jpg
Deoni_92.jpg,Deoni,Dangi,0.3312,Hallikar (0.0791),Deoni (0.0635),./data/test\Deoni\Deoni_92.jpg
Gir_130.jpg,Gir,Jersey,0.161,Gir (0.0994),Red_Dane (0.0898),./data/test\Gir\Gir_130.jpg
Gir_133.jpg,Gir,Sahiwal,0.13,Gir (0.1265),Vechur (0.0852),./data/test\Gir\Gir_133.jpg
Gir_136.jpg,Gir,Rathi,0.5982,Bargur (0.1190),Gir (0.0714),./data/test\Gir\Gir_136.jpg
Gir_157.jpg,Gir,Sahiwal,0.1438,Gir (0.1075),Vechur (0.0829),./data/test\Gir\Gir_157.jpg
Gir_165.jpg,Gir,Sahiwal,0.1371,Gir (0.1218),Vechur (0.0950),./data/test\Gir\Gir_165.jpg
Gir_169.jpg,Gir,Sahiwal,0.1102,Red_Sindhi (0.1101),Nimari (0.1011),./data/test\Gir\Gir_169.jpg
Gir_170.jpg,Gir,Bargur,0.2018,Gir (0.1455),Vechur (0.1110),./data/test\Gir\Gir_170.jpg
Gir_206.jpg,Gir,Red_Dane,0.0787,Vechur (0.0682),Nimari (0.0672),./data/test\Gir\Gir_206.jpg
Gir_207.png,Gir,Sahiwal,0.0714,Gir (0.0685),Malnad_gidda (0.0445),./data/test\Gir\Gir_207.png
Gir_209.jpg,Gir,Jersey,0.08,Brown_Swiss (0.0784),Guernsey (0.0736),./data/test\Gir\Gir_209.jpg
Gir_221.jpg,Gir,Rathi,0.2704,Bargur (0.1154),Dangi (0.0835),./data/test\Gir\Gir_221.jpg
Gir_249.jpg,Gir,Krishna_Valley,0.1065,Ongole (0.0850),Khillari (0.0717),./data/test\Gir\Gir_249.jpg
Gir_253.jpg,Gir,Jersey,0.2061,Brown_Swiss (0.1673),Gir (0.0830),./data/test\Gir\Gir_253.jpg
Gir_254.jpg,Gir,Deoni,0.1429,Tharparkar (0.1178),Ongole (0.0930),./data/test\Gir\Gir_254.jpg
Gir_257.jpg,Gir,Sahiwal,0.2114,Gir (0.1162),Red_Sindhi (0.0791),./data/test\Gir\Gir_257.jpg
Gir_26.jpg,Gir,Vechur,0.1314,Gir (0.1125),Malnad_gidda (0.0759),./data/test\Gir\Gir_26.jpg
Gir_275.jpg,Gir,Rathi,0.2211,Krishna_Valley (0.0887),Ayrshire (0.0738),./data/test\Gir\Gir_275.jpg
Gir_276.jpg,Gir,Rathi,0.1257,Krishna_Valley (0.1032),Brown_Swiss (0.0747),./data/test\Gir\Gir_276.jpg
Gir_277.jpg,Gir,Rathi,0.4185,Bargur (0.3225),Gir (0.0457),./data/test\Gir\Gir_277.jpg
Gir_278.jpg,Gir,Sahiwal,0.1057,Gir (0.0888),Vechur (0.0739),./data/test\Gir\Gir_278.jpg
Gir_279.jpg,Gir,Dangi,0.185,Deoni (0.0818),Kankrej (0.0771),./data/test\Gir\Gir_279.jpg
Gir_29.jpg,Gir,Vechur,0.1401,Sahiwal (0.0999),Gir (0.0867),./data/test\Gir\Gir_29.jpg
Gir_290.jpg,Gir,Jersey,0.11,Guernsey (0.0912),Gir (0.0879),./data/test\Gir\Gir_290.jpg
Gir_319.jpg,Gir,Sahiwal,0.161,Gir (0.1218),Vechur (0.0884),./data/test\Gir\Gir_319.jpg
Gir_323.jpg,Gir,Sahiwal,0.1484,Gir (0.1042),Vechur (0.0581),./data/test\Gir\Gir_323.jpg
Gir_332.png,Gir,Sahiwal,0.1236,Gir (0.1038),Red_Sindhi (0.0654),./data/test\Gir\Gir_332.png
Gir_347.jpg,Gir,Sahiwal,0.2298,Gir (0.1396),Red_Sindhi (0.1306),./data/test\Gir\Gir_347.jpg
Gir_351.png,Gir,Sahiwal,0.1005,Vechur (0.0988),Red_Sindhi (0.0646),./data/test\Gir\Gir_351.png
Gir_355.png,Gir,Sahiwal,0.1007,Vechur (0.0794),Gir (0.0571),./data/test\Gir\Gir_355.png
Gir_365.jpg,Gir,Bargur,0.0791,Gir (0.0668),Pulikulam (0.0595),./data/test\Gir\Gir_365.jpg
Gir_374.png,Gir,Sahiwal,0.0527,Gir (0.0492),Vechur (0.0488),./data/test\Gir\Gir_374.png
Gir_5.jPG,Gir,Vechur,0.2048,Gir (0.1902),Sahiwal (0.1419),./data/test\Gir\Gir_5.jPG
Gir_69.jpg,Gir,Sahiwal,0.2102,Gir (0.1403),Vechur (0.0839),./data/test\Gir\Gir_69.jpg
Gir_75.png,Gir,Sahiwal,0.1208,Gir (0.1050),Vechur (0.0577),./data/test\Gir\Gir_75.png
Gir_86.jpg,Gir,Malnad_gidda,0.1131,Sahiwal (0.1057),Vechur (0.0865),./data/test\Gir\Gir_86.jpg
Gir_92.png,Gir,Vechur,0.0758,Red_Sindhi (0.0703),Gir (0.0571),./data/test\Gir\Gir_92.png
Guernsey_106.jpg,Guernsey,Jersey,0.2135,Guernsey (0.1678),Red_Dane (0.1083),./data/test\Guernsey\Guernsey_106.jpg
Guernsey_11.jpg,Guernsey,Ayrshire,0.6078,Guernsey (0.2185),Red_Dane (0.0484),./data/test\Guernsey\Guernsey_11.jpg
Guernsey_40.jpg,Guernsey,Ayrshire,0.3171,Guernsey (0.2682),Jersey (0.1470),./data/test\Guernsey\Guernsey_40.jpg
Guernsey_46.jpg,Guernsey,Jersey,0.2627,Guernsey (0.2314),Brown_Swiss (0.1250),./data/test\Guernsey\Guernsey_46.jpg
Guernsey_69.jpg,Guernsey,Jersey,0.1201,Guernsey (0.1150),Brown_Swiss (0.0949),./data/test\Guernsey\Guernsey_69.jpg
Guernsey_77.jpg,Guernsey,Jersey,0.2936,Guernsey (0.1948),Ayrshire (0.1414),./data/test\Guernsey\Guernsey_77.jpg
Guernsey_78.jpg,Guernsey,Jersey,0.1852,Red_Dane (0.1250),Guernsey (0.0996),./data/test\Guernsey\Guernsey_78.jpg
Guernsey_88.jpg,Guernsey,Ayrshire,0.4846,Guernsey (0.2390),Red_Dane (0.0659),./data/test\Guernsey\Guernsey_88.jpg
Hallikar_10.jpg,Hallikar,Brown_Swiss,0.1026,Krishna_Valley (0.1004),Kankrej (0.0687),./data/test\Hallikar\Hallikar_10.jpg
Hallikar_102.jpg,Hallikar,Kangayam,0.1056,Hallikar (0.0953),Amritmahal (0.0896),./data/test\Hallikar\Hallikar_102.jpg
Hallikar_111.jpg,Hallikar,Brown_Swiss,0.0751,Kankrej (0.0672),Kenkatha (0.0635),./data/test\Hallikar\Hallikar_111.jpg
Hallikar_115.jpg,Hallikar,Kankrej,0.121,Hallikar (0.0956),Ongole (0.0774),./data/test\Hallikar\Hallikar_115.jpg
Hallikar_116.jpg,Hallikar,Kankrej,0.1098,Amritmahal (0.0813),Pulikulam (0.0519),./data/test\Hallikar\Hallikar_116.jpg
Hallikar_126.jpg,Hallikar,Vechur,0.0799,Malnad_gidda (0.0593),Red_Dane (0.0575),./data/test\Hallikar\Hallikar_126.jpg
Hallikar_129.jpg,Hallikar,Tharparkar,0.121,Khillari (0.1080),Hariana (0.1009),./data/test\Hallikar\Hallikar_129.jpg
Hallikar_130.jpg,Hallikar,Hariana,0.0835,Ongole (0.0697),Tharparkar (0.0588),./data/test\Hallikar\Hallikar_130.jpg
Hallikar_139.jpg,Hallikar,Kankrej,0.1108,Ongole (0.1083),Deoni (0.1047),./data/test\Hallikar\Hallikar_139.jpg
Hallikar_146.jpg,Hallikar,Brown_Swiss,0.204,Krishna_Valley (0.0974),Toda (0.0841),./data/test\Hallikar\Hallikar_146.jpg
Hallikar_148.jpg,Hallikar,Amritmahal,0.0762,Alambadi (0.0693),Kankrej (0.0673),./data/test\Hallikar\Hallikar_148.jpg
Hallikar_151.jpg,Hallikar,Khillari,0.1454,Ongole (0.0941),Tharparkar (0.0867),./data/test\Hallikar\Hallikar_151.jpg
Hallikar_169.png,Hallikar,Krishna_Valley,0.1091,Hallikar (0.0983),Brown_Swiss (0.0784),./data/test\Hallikar\Hallikar_169.png
Hallikar_180.jpeg,Hallikar,Amritmahal,0.1032,Hallikar (0.0961),Kankrej (0.0919),./data/test\Hallikar\Hallikar_180.jpeg
Hallikar_19.jpg,Hallikar,Tharparkar,0.103,Khillari (0.0781),Ongole (0.0723),./data/test\Hallikar\Hallikar_19.jpg
Hallikar_30.jpg,Hallikar,Krishna_Valley,0.1683,Khillari (0.0687),Ongole (0.0616),./data/test\Hallikar\Hallikar_30.jpg
Hallikar_46.jpg,Hallikar,Tharparkar,0.1822,Khillari (0.1059),Hallikar (0.1031),./data/test\Hallikar\Hallikar_46.jpg
Hallikar_47.jpg,Hallikar,Krishna_Valley,0.0848,Tharparkar (0.0764),Ongole (0.0588),./data/test\Hallikar\Hallikar_47.jpg
Hallikar_60.png,Hallikar,Pulikulam,0.0886,Kangayam (0.0743),Kankrej (0.0698),./data/test\Hallikar\Hallikar_60.png
Hallikar_7.jpg,Hallikar,Kangayam,0.0943,Pulikulam (0.0701),Alambadi (0.0666),./data/test\Hallikar\Hallikar_7.jpg
Hariana_109.jpg,Hariana,Tharparkar,0.1752,Krishna_Valley (0.0981),Ongole (0.0737),./data/test\Hariana\Hariana_109.jpg
Hariana_113.jpg,Hariana,Tharparkar,0.084,Brown_Swiss (0.0836),Krishna_Valley (0.0583),./data/test\Hariana\Hariana_113.jpg
Hariana_118.jpg,Hariana,Tharparkar,0.1573,Hariana (0.1373),Khillari (0.1199),./data/test\Hariana\Hariana_118.jpg
Hariana_15.png,Hariana,Tharparkar,0.1506,Hariana (0.1438),Ongole (0.1062),./data/test\Hariana\Hariana_15.png
Hariana_3.JPG,Hariana,Nagori,0.0995,Tharparkar (0.0770),Hallikar (0.0746),./data/test\Hariana\Hariana_3.JPG
Hariana_41.png,Hariana,Khillari,0.096,Deoni (0.0689),Hallikar (0.0613),./data/test\Hariana\Hariana_41.png
Hariana_45.jpg,Hariana,Tharparkar,0.1761,Krishna_Valley (0.0936),Hariana (0.0879),./data/test\Hariana\Hariana_45.jpg
Hariana_55.jpg,Hariana,Kankrej,0.1587,Hallikar (0.0798),Kangayam (0.0731),./data/test\Hariana\Hariana_55.jpg
Hariana_58.jpg,Hariana,Tharparkar,0.1741,Ongole (0.1482),Hariana (0.0932),./data/test\Hariana\Hariana_58.jpg
Hariana_6.jpg,Hariana,Hallikar,0.0787,Hariana (0.0615),Ongole (0.0594),./data/test\Hariana\Hariana_6.jpg
Hariana_61.jpg,Hariana,Tharparkar,0.1235,Hariana (0.1174),Ongole (0.1121),./data/test\Hariana\Hariana_61.jpg
Hariana_67.jpg,Hariana,Kankrej,0.128,Nagori (0.0676),Hallikar (0.0624),./data/test\Hariana\Hariana_67.jpg
Hariana_74.jpg,Hariana,Ongole,0.0818,Deoni (0.0741),Tharparkar (0.0697),./data/test\Hariana\Hariana_74.jpg
Hariana_77.jpg,Hariana,Tharparkar,0.1636,Ongole (0.1487),Hariana (0.1187),./data/test\Hariana\Hariana_77.jpg
Hariana_79.jpg,Hariana,Krishna_Valley,0.1064,Tharparkar (0.0712),Hallikar (0.0638),./data/test\Hariana\Hariana_79.jpg
Hariana_9.jpg,Hariana,Tharparkar,0.1938,Khillari (0.1120),Ongole (0.1092),./data/test\Hariana\Hariana_9.jpg
Hariana_94.png,Hariana,Khillari,0.1132,Ongole (0.0989),Hallikar (0.0897),./data/test\Hariana\Hariana_94.png
Holstein_Friesian_107.jpg,Holstein_Friesian,Ayrshire,0.0865,Holstein_Friesian (0.0861),Guernsey (0.0659),./data/test\Holstein_Friesian\Holstein_Friesian_107.jpg
Holstein_Friesian_231.jpg,Holstein_Friesian,Toda,0.0821,Holstein_Friesian (0.0663),Ayrshire (0.0554),./data/test\Holstein_Friesian\Holstein_Friesian_231.jpg
Holstein_Friesian_238.jpg,Holstein_Friesian,Ayrshire,0.3015,Guernsey (0.1708),Jersey (0.1160),./data/test\Holstein_Friesian\Holstein_Friesian_238.jpg
Holstein_Friesian_294.jpg,Holstein_Friesian,Jersey,0.1024,Holstein_Friesian (0.0554),Toda (0.0548),./data/test\Holstein_Friesian\Holstein_Friesian_294.jpg
Holstein_Friesian_305.jpg,Holstein_Friesian,Ayrshire,0.0918,Jersey (0.0641),Brown_Swiss (0.0527),./data/test\Holstein_Friesian\Holstein_Friesian_305.jpg
Holstein_Friesian_50.jpg,Holstein_Friesian,Brown_Swiss,0.1603,Krishna_Valley (0.1143),Guernsey (0.0968),./data/test\Holstein_Friesian\Holstein_Friesian_50.jpg
Holstein_Friesian_59.jpg,Holstein_Friesian,Jersey,0.2966,Guernsey (0.1176),Red_Dane (0.1024),./data/test\Holstein_Friesian\Holstein_Friesian_59.jpg
still_BLF2171_BLF2171_2.jpg,Holstein_Friesian,Malnad_gidda,0.07,Murrah (0.0487),Banni (0.0484),./data/test\Holstein_Friesian\still_BLF2171_BLF2171_2.jpg
still_BLF2514_BLF2514_2.jpg,Holstein_Friesian,Sahiwal,0.0709,Red_Sindhi (0.0528),Vechur (0.0419),./data/test\Holstein_Friesian\still_BLF2514_BLF2514_2.jpg
still_BLF2515_BLF2515_3.jpg,Holstein_Friesian,Banni,0.0714,Nili_Ravi (0.0642),Murrah (0.0620),./data/test\Holstein_Friesian\still_BLF2515_BLF2515_3.jpg
still_BLF2519_BLF2519_0.jpg,Holstein_Friesian,Sahiwal,0.1105,Red_Sindhi (0.0742),Vechur (0.0622),./data/test\Holstein_Friesian\still_BLF2519_BLF2519_0.jpg
still_BLF2520_BLF2520_3.jpg,Holstein_Friesian,Sahiwal,0.1111,Red_Sindhi (0.0931),Gir (0.0804),./data/test\Holstein_Friesian\still_BLF2520_BLF2520_3.jpg
still_BLF2534_BLF2534_0.jpg,Holstein_Friesian,Nili_Ravi,0.0546,Malnad_gidda (0.0543),Mehsana (0.0494),./data/test\Holstein_Friesian\still_BLF2534_BLF2534_0.jpg
still_BLF2534_BLF2534_1.jpg,Holstein_Friesian,Kasargod,0.0644,Banni (0.0632),Murrah (0.0618),./data/test\Holstein_Friesian\still_BLF2534_BLF2534_1.jpg
still_BLF2536_BLF2536_2.jpg,Holstein_Friesian,Murrah,0.0872,Banni (0.0628),Surti (0.0553),./data/test\Holstein_Friesian\still_BLF2536_BLF2536_2.jpg
still_BLF2536_BLF2536_3.jpg,Holstein_Friesian,Murrah,0.0881,Banni (0.0817),Nili_Ravi (0.0671),./data/test\Holstein_Friesian\still_BLF2536_BLF2536_3.jpg
still_BLF2542_BLF2542_1.jpg,Holstein_Friesian,Murrah,0.0819,Kasargod (0.0747),Banni (0.0692),./data/test\Holstein_Friesian\still_BLF2542_BLF2542_1.jpg
still_BLF2542_BLF2542_2.jpg,Holstein_Friesian,Murrah,0.082,Banni (0.0606),Nili_Ravi (0.0574),./data/test\Holstein_Friesian\still_BLF2542_BLF2542_2.jpg
still_BLF2546_BLF2546_1.jpg,Holstein_Friesian,Dangi,0.1443,Deoni (0.0534),Holstein_Friesian (0.0509),./data/test\Holstein_Friesian\still_BLF2546_BLF2546_1.jpg
still_BLF2546_BLF2546_3.jpg,Holstein_Friesian,Dangi,0.2804,Deoni (0.0541),Rathi (0.0530),./data/test\Holstein_Friesian\still_BLF2546_BLF2546_3.jpg
still_BLF2607_BLF2607_0.jpg,Holstein_Friesian,Nili_Ravi,0.0643,Murrah (0.0610),Malnad_gidda (0.0578),./data/test\Holstein_Friesian\still_BLF2607_BLF2607_0.jpg
still_BLF2607_BLF2607_2.jpg,Holstein_Friesian,Murrah,0.0574,Holstein_Friesian (0.0506),Kasargod (0.0503),./data/test\Holstein_Friesian\still_BLF2607_BLF2607_2.jpg
still_BLF2664_BLF2664_0.jpg,Holstein_Friesian,Nili_Ravi,0.0701,Murrah (0.0661),Banni (0.0615),./data/test\Holstein_Friesian\still_BLF2664_BLF2664_0.jpg
still_BLF2664_BLF2664_3.jpg,Holstein_Friesian,Murrah,0.0861,Nili_Ravi (0.0783),Banni (0.0681),./data/test\Holstein_Friesian\still_BLF2664_BLF2664_3.jpg
still_BLF2676_BLF2676_1.jpg,Holstein_Friesian,Kenkatha,0.0503,Kankrej (0.0430),Vechur (0.0403),./data/test\Holstein_Friesian\still_BLF2676_BLF2676_1.jpg
yt_BLF2069_BLF2069_16.jpg,Holstein_Friesian,Murrah,0.0704,Banni (0.0657),Holstein_Friesian (0.0637),./data/test\Holstein_Friesian\yt_BLF2069_BLF2069_16.jpg
yt_BLF2149_BLF2149_4.jpg,Holstein_Friesian,Murrah,0.0724,Holstein_Friesian (0.0555),Kasargod (0.0513),./data/test\Holstein_Friesian\yt_BLF2149_BLF2149_4.jpg
yt_BLF2171_BLF2171_12.jpg,Holstein_Friesian,Murrah,0.0865,Nili_Ravi (0.0761),Banni (0.0707),./data/test\Holstein_Friesian\yt_BLF2171_BLF2171_12.jpg
yt_BLF2514_BLF2514_16.jpg,Holstein_Friesian,Red_Sindhi,0.0664,Sahiwal (0.0647),Gir (0.0494),./data/test\Holstein_Friesian\yt_BLF2514_BLF2514_16.jpg
yt_BLF2514_BLF2514_4.jpg,Holstein_Friesian,Sahiwal,0.0888,Red_Sindhi (0.0628),Gir (0.0562),./data/test\Holstein_Friesian\yt_BLF2514_BLF2514_4.jpg
yt_BLF2515_BLF2515_28.jpg,Holstein_Friesian,Murrah,0.1077,Nili_Ravi (0.0842),Mehsana (0.0685),./data/test\Holstein_Friesian\yt_BLF2515_BLF2515_28.jpg
yt_BLF2516_BLF2516_9.jpg,Holstein_Friesian,Sahiwal,0.0803,Red_Sindhi (0.0533),Vechur (0.0470),./data/test\Holstein_Friesian\yt_BLF2516_BLF2516_9.jpg
yt_BLF2519_BLF2519_9.jpg,Holstein_Friesian,Sahiwal,0.1188,Red_Sindhi (0.0694),Vechur (0.0591),./data/test\Holstein_Friesian\yt_BLF2519_BLF2519_9.jpg
yt_BLF2520_BLF2520_16.jpg,Holstein_Friesian,Ayrshire,0.0853,Bargur (0.0791),Sahiwal (0.0651),./data/test\Holstein_Friesian\yt_BLF2520_BLF2520_16.jpg
yt_BLF2520_BLF2520_2.jpg,Holstein_Friesian,Sahiwal,0.1311,Red_Sindhi (0.0939),Gir (0.0740),./data/test\Holstein_Friesian\yt_BLF2520_BLF2520_2.jpg
yt_BLF2534_BLF2534_16.jpg,Holstein_Friesian,Murrah,0.0573,Holstein_Friesian (0.0563),Banni (0.0523),./data/test\Holstein_Friesian\yt_BLF2534_BLF2534_16.jpg
yt_BLF2542_BLF2542_28.jpg,Holstein_Friesian,Murrah,0.1095,Nili_Ravi (0.0953),Mehsana (0.0758),./data/test\Holstein_Friesian\yt_BLF2542_BLF2542_28.jpg
yt_BLF2544_BLF2544_12.jpg,Holstein_Friesian,Murrah,0.0721,Holstein_Friesian (0.0624),Nili_Ravi (0.0563),./data/test\Holstein_Friesian\yt_BLF2544_BLF2544_12.jpg
yt_BLF2546_BLF2546_16.jpg,Holstein_Friesian,Dangi,0.1677,Deoni (0.0454),Nimari (0.0416),./data/test\Holstein_Friesian\yt_BLF2546_BLF2546_16.jpg
yt_BLF2549_BLF2549_0.jpg,Holstein_Friesian,Murrah,0.0868,Holstein_Friesian (0.0765),Banni (0.0627),./data/test\Holstein_Friesian\yt_BLF2549_BLF2549_0.jpg
yt_BLF2549_BLF2549_2.jpg,Holstein_Friesian,Murrah,0.0824,Holstein_Friesian (0.0736),Banni (0.0701),./data/test\Holstein_Friesian\yt_BLF2549_BLF2549_2.jpg
yt_BLF2549_BLF2549_24.jpg,Holstein_Friesian,Murrah,0.0609,Mehsana (0.0568),Holstein_Friesian (0.0529),./data/test\Holstein_Friesian\yt_BLF2549_BLF2549_24.jpg
yt_BLF2549_BLF2549_4.jpg,Holstein_Friesian,Murrah,0.0998,Banni (0.0676),Holstein_Friesian (0.0627),./data/test\Holstein_Friesian\yt_BLF2549_BLF2549_4.jpg
Jaffrabadi_12.png,Jaffrabadi,Bargur,0.0868,Mehsana (0.0649),Surti (0.0560),./data/test\Jaffrabadi\Jaffrabadi_12.png
Jaffrabadi_23.png,Jaffrabadi,Bhadawari,0.0825,Malnad_gidda (0.0736),Surti (0.0645),./data/test\Jaffrabadi\Jaffrabadi_23.png
Jaffrabadi_25.png,Jaffrabadi,Bhadawari,0.0799,Toda (0.0750),Alambadi (0.0708),./data/test\Jaffrabadi\Jaffrabadi_25.png
Jaffrabadi_30.jpg,Jaffrabadi,Mehsana,0.134,Jaffrabadi (0.1266),Nili_Ravi (0.1077),./data/test\Jaffrabadi\Jaffrabadi_30.jpg
Jaffrabadi_44.jpg,Jaffrabadi,Murrah,0.2056,Nili_Ravi (0.1194),Banni (0.1057),./data/test\Jaffrabadi\Jaffrabadi_44.jpg
Jaffrabadi_47.jpg,Jaffrabadi,Toda,0.1658,Mehsana (0.0847),Banni (0.0782),./data/test\Jaffrabadi\Jaffrabadi_47.jpg
Jaffrabadi_48.png,Jaffrabadi,Banni,0.1653,Mehsana (0.1441),Murrah (0.1227),./data/test\Jaffrabadi\Jaffrabadi_48.png
Jaffrabadi_59.jpg,Jaffrabadi,Murrah,0.2877,Banni (0.1445),Nili_Ravi (0.1085),./data/test\Jaffrabadi\Jaffrabadi_59.jpg
Jaffrabadi_61.jpeg,Jaffrabadi,Murrah,0.2313,Banni (0.1150),Nili_Ravi (0.1054),./data/test\Jaffrabadi\Jaffrabadi_61.jpeg
Jaffrabadi_63.png,Jaffrabadi,Murrah,0.1574,Banni (0.1416),Nili_Ravi (0.1236),./data/test\Jaffrabadi\Jaffrabadi_63.png
Jaffrabadi_78.png,Jaffrabadi,Murrah,0.0899,Jaffrabadi (0.0876),Mehsana (0.0746),./data/test\Jaffrabadi\Jaffrabadi_78.png
Jaffrabadi_88.jpg,Jaffrabadi,Murrah,0.1302,Jaffrabadi (0.1291),Nili_Ravi (0.0922),./data/test\Jaffrabadi\Jaffrabadi_88.jpg
Jaffrabadi_89.png,Jaffrabadi,Mehsana,0.1575,Murrah (0.1502),Nili_Ravi (0.0885),./data/test\Jaffrabadi\Jaffrabadi_89.png
Jersey_136.jpg,Jersey,Ayrshire,0.123,Brown_Swiss (0.1155),Guernsey (0.1024),./data/test\Jersey\Jersey_136.jpg
Jersey_144.jpg,Jersey,Brown_Swiss,0.143,Krishna_Valley (0.1286),Jersey (0.0647),./data/test\Jersey\Jersey_144.jpg
Jersey_168.jpg,Jersey,Vechur,0.1131,Sahiwal (0.1105),Red_Dane (0.0904),./data/test\Jersey\Jersey_168.jpg
Jersey_177.jpg,Jersey,Guernsey,0.3177,Jersey (0.1623),Ayrshire (0.1607),./data/test\Jersey\Jersey_177.jpg
Jersey_19.jpg,Jersey,Bhadawari,0.0675,Jersey (0.0631),Toda (0.0499),./data/test\Jersey\Jersey_19.jpg
Jersey_34.jpg,Jersey,Krishna_Valley,0.1199,Brown_Swiss (0.1043),Toda (0.0579),./data/test\Jersey\Jersey_34.jpg
Jersey_56.jpg,Jersey,Holstein_Friesian,0.4097,Ayrshire (0.0637),Red_Dane (0.0431),./data/test\Jersey\Jersey_56.jpg
Kangayam_2.jpg,Kangayam,Kankrej,0.1604,Kangayam (0.1396),Hallikar (0.1045),./data/test\Kangayam\Kangayam_2.jpg
Kangayam_3.jpg,Kangayam,Nili_Ravi,0.1043,Banni (0.0747),Mehsana (0.0730),./data/test\Kangayam\Kangayam_3.jpg
Kangayam_30.jpg,Kangayam,Kankrej,0.1176,Amritmahal (0.0888),Pulikulam (0.0859),./data/test\Kangayam\Kangayam_30.jpg
Kangayam_39.jpg,Kangayam,Pulikulam,0.0924,Kankrej (0.0695),Kangayam (0.0660),./data/test\Kangayam\Kangayam_39.jpg
Kangayam_44.jpg,Kangayam,Pulikulam,0.3295,Kankrej (0.1423),Kangayam (0.0958),./data/test\Kangayam\Kangayam_44.jpg
Kangayam_49.jpg,Kangayam,Hariana,0.0372,Kangayam (0.0355),Khillari (0.0339),./data/test\Kangayam\Kangayam_49.jpg
Kangayam_59.jpg,Kangayam,Khillari,0.1109,Kangayam (0.1075),Kankrej (0.0980),./data/test\Kangayam\Kangayam_59.jpg
Kangayam_62.jpg,Kangayam,Sahiwal,0.0646,Nimari (0.0642),Red_Sindhi (0.0610),./data/test\Kangayam\Kangayam_62.jpg
Kangayam_74.jpg,Kangayam,Hallikar,0.2427,Kangayam (0.2422),Kankrej (0.0685),./data/test\Kangayam\Kangayam_74.jpg
Kangayam_80.jpg,Kangayam,Pulikulam,0.1276,Kangayam (0.1179),Kankrej (0.1000),./data/test\Kangayam\Kangayam_80.jpg
Kangayam_86.png,Kangayam,Ongole,0.0619,Krishna_Valley (0.0521),Hariana (0.0490),./data/test\Kangayam\Kangayam_86.png
Kangayam_9.jpg,Kangayam,Bhadawari,0.0815,Toda (0.0555),Malnad_gidda (0.0553),./data/test\Kangayam\Kangayam_9.jpg
Kankrej_103.jpg,Kankrej,Ongole,0.0717,Kankrej (0.0530),Khillari (0.0516),./data/test\Kankrej\Kankrej_103.jpg
Kankrej_109.jpg,Kankrej,Tharparkar,0.1656,Ongole (0.1503),Khillari (0.1268),./data/test\Kankrej\Kankrej_109.jpg
Kankrej_113.jpg,Kankrej,Dangi,0.053,Rathi (0.0473),Ayrshire (0.0427),./data/test\Kankrej\Kankrej_113.jpg
Kankrej_12.jpg,Kankrej,Toda,0.1468,Bhadawari (0.0676),Nili_Ravi (0.0674),./data/test\Kankrej\Kankrej_12.jpg
Kankrej_149.jpg,Kankrej,Kangayam,0.2368,Pulikulam (0.1059),Kankrej (0.0815),./data/test\Kankrej\Kankrej_149.jpg
Kankrej_179.jpg,Kankrej,Ongole,0.1418,Hariana (0.0863),Hallikar (0.0736),./data/test\Kankrej\Kankrej_179.jpg
Kankrej_33.png,Kankrej,Pulikulam,0.0676,Umblachery (0.0552),Mehsana (0.0519),./data/test\Kankrej\Kankrej_33.png
Kankrej_35.png,Kankrej,Sahiwal,0.0498,Banni (0.0492),Nimari (0.0478),./data/test\Kankrej\Kankrej_35.png
Kankrej_40.png,Kankrej,Kangayam,0.0672,Kankrej (0.0484),Red_Sindhi (0.0483),./data/test\Kankrej\Kankrej_40.png
Kankrej_42.png,Kankrej,Pulikulam,0.0714,Banni (0.0582),Nili_Ravi (0.0556),./data/test\Kankrej\Kankrej_42.png
Kankrej_44.png,Kankrej,Banni,0.0625,Murrah (0.0590),Nili_Ravi (0.0533),./data/test\Kankrej\Kankrej_44.png
Kankrej_50.png,Kankrej,Banni,0.0606,Murrah (0.0507),Kangayam (0.0432),./data/test\Kankrej\Kankrej_50.png
Kankrej_55.png,Kankrej,Kangayam,0.0821,Hallikar (0.0648),Pulikulam (0.0514),./data/test\Kankrej\Kankrej_55.png
Kankrej_62.png,Kankrej,Kangayam,0.1139,Kankrej (0.1098),Pulikulam (0.0531),./data/test\Kankrej\Kankrej_62.png
Kankrej_67.png,Kankrej,Krishna_Valley,0.0692,Hallikar (0.0437),Jersey (0.0424),./data/test\Kankrej\Kankrej_67.png
Kankrej_68.jpg,Kankrej,Banni,0.1114,Nili_Ravi (0.0657),Mehsana (0.0654),./data/test\Kankrej\Kankrej_68.jpg
Kankrej_71.png,Kankrej,Krishna_Valley,0.1032,Khillari (0.0619),Hallikar (0.0537),./data/test\Kankrej\Kankrej_71.png
Kankrej_72.png,Kankrej,Hariana,0.0628,Tharparkar (0.0622),Khillari (0.0552),./data/test\Kankrej\Kankrej_72.png
Kankrej_92.jpg,Kankrej,Pulikulam,0.1197,Kankrej (0.1147),Hallikar (0.0908),./data/test\Kankrej\Kankrej_92.jpg
00000122.jpg,Kasargod,Bhadawari,0.1985,Banni (0.0876),Toda (0.0854),./data/test\Kasargod\00000122.jpg
00000175.jpg,Kasargod,Bhadawari,0.1122,Toda (0.0859),Murrah (0.0627),./data/test\Kasargod\00000175.jpg
00000193.jpg,Kasargod,Malnad_gidda,0.1344,Kasargod (0.0658),Vechur (0.0640),./data/test\Kasargod\00000193.jpg
00000240.jpg,Kasargod,Kangayam,0.0409,Kankrej (0.0353),Deoni (0.0350),./data/test\Kasargod\00000240.jpg
00000256.jpg,Kasargod,Pulikulam,0.088,Kankrej (0.0857),Malnad_gidda (0.0802),./data/test\Kasargod\00000256.jpg
00000321.JPG,Kasargod,Vechur,0.2187,Sahiwal (0.1344),Gir (0.1219),./data/test\Kasargod\00000321.JPG
00000330.jpg,Kasargod,Bhadawari,0.0866,Red_Dane (0.0530),Malnad_gidda (0.0459),./data/test\Kasargod\00000330.jpg
00000376.jpg,Kasargod,Bhadawari,0.1078,Mehsana (0.0695),Toda (0.0691),./data/test\Kasargod\00000376.jpg
00000378.jpg,Kasargod,Alambadi,0.0659,Pulikulam (0.0643),Malnad_gidda (0.0612),./data/test\Kasargod\00000378.jpg
00000386.jpg,Kasargod,Malnad_gidda,0.162,Vechur (0.0926),Kangayam (0.0579),./data/test\Kasargod\00000386.jpg
00000388.jpg,Kasargod,Vechur,0.1298,Gir (0.1143),Sahiwal (0.0638),./data/test\Kasargod\00000388.jpg
00000398.jpg,Kasargod,Murrah,0.0971,Banni (0.0911),Nili_Ravi (0.0739),./data/test\Kasargod\00000398.jpg
Screenshot (991).png,Kasargod,Vechur,0.1363,Malnad_gidda (0.0969),Banni (0.0709),./data/test\Kasargod\Screenshot (991).png
Screenshot (996).png,Kasargod,Malnad_gidda,0.08,Banni (0.0748),Kasargod (0.0570),./data/test\Kasargod\Screenshot (996).png
00000001.jpg,Kenkatha,Malnad_gidda,0.0741,Kankrej (0.0665),Pulikulam (0.0661),./data/test\Kenkatha\00000001.jpg
00000137.png,Kenkatha,Pulikulam,0.0617,Kankrej (0.0494),Banni (0.0464),./data/test\Kenkatha\00000137.png
00000143.JPG,Kenkatha,Tharparkar,0.0767,Ongole (0.0719),Hariana (0.0704),./data/test\Kenkatha\00000143.JPG
00000257.jpg,Kenkatha,Bhadawari,0.0695,Surti (0.0602),Nili_Ravi (0.0539),./data/test\Kenkatha\00000257.jpg
00000263.JPG,Kenkatha,Tharparkar,0.1063,Nagori (0.0824),Ongole (0.0813),./data/test\Kenkatha\00000263.JPG
00000271.jpg,Kenkatha,Umblachery,0.1597,Kangayam (0.0989),Pulikulam (0.0900),./data/test\Kenkatha\00000271.jpg
00000281.jpg,Kenkatha,Kankrej,0.0999,Kangayam (0.0749),Hallikar (0.0528),./data/test\Kenkatha\00000281.jpg
00000283.jpg,Kenkatha,Hallikar,0.0779,Krishna_Valley (0.0767),Tharparkar (0.0616),./data/test\Kenkatha\00000283.jpg
00000287.jpg,Kenkatha,Toda,0.2147,Brown_Swiss (0.1056),Bhadawari (0.0988),./data/test\Kenkatha\00000287.jpg
00000070.png,Kherigarh,Pulikulam,0.106,Malnad_gidda (0.1058),Umblachery (0.0685),./data/test\Kherigarh\00000070.png
00000079.jpg,Kherigarh,Ongole,0.1255,Khillari (0.0970),Hallikar (0.0898),./data/test\Kherigarh\00000079.jpg
00000096.jpg,Kherigarh,Hariana,0.1437,Tharparkar (0.1239),Ongole (0.1229),./data/test\Kherigarh\00000096.jpg
Screenshot (132).png,Kherigarh,Mehsana,0.0594,Amritmahal (0.0578),Kankrej (0.0566),./data/test\Kherigarh\Screenshot (132).png
Screenshot (133).png,Kherigarh,Umblachery,0.0888,Mehsana (0.0878),Surti (0.0799),./data/test\Kherigarh\Screenshot (133).png
Khillari_104.jpg,Khillari,Tharparkar,0.1835,Khillari (0.1227),Hariana (0.0999),./data/test\Khillari\Khillari_104.jpg
Khillari_107.png,Khillari,Tharparkar,0.137,Ongole (0.1125),Khillari (0.0991),./data/test\Khillari\Khillari_107.png
Khillari_11.jpg,Khillari,Hariana,0.1961,Ongole (0.1156),Tharparkar (0.0918),./data/test\Khillari\Khillari_11.jpg
Khillari_2.JPG,Khillari,Hallikar,0.0868,Ongole (0.0863),Khillari (0.0804),./data/test\Khillari\Khillari_2.JPG
Khillari_24.jpg,Khillari,Ongole,0.2211,Tharparkar (0.1609),Khillari (0.1007),./data/test\Khillari\Khillari_24.jpg
Khillari_31.jpg,Khillari,Kangayam,0.0846,Deoni (0.0767),Khillari (0.0693),./data/test\Khillari\Khillari_31.jpg
Khillari_4.png,Khillari,Ongole,0.2028,Tharparkar (0.1404),Khillari (0.1350),./data/test\Khillari\Khillari_4.png
Khillari_44.jpg,Khillari,Tharparkar,0.189,Khillari (0.1033),Hariana (0.1027),./data/test\Khillari\Khillari_44.jpg
Khillari_65.jpg,Khillari,Brown_Swiss,0.121,Krishna_Valley (0.1002),Khillari (0.0851),./data/test\Khillari\Khillari_65.jpg
Khillari_66.jpg,Khillari,Hallikar,0.1199,Ongole (0.0839),Khillari (0.0823),./data/test\Khillari\Khillari_66.jpg
Khillari_69.jpg,Khillari,Kankrej,0.1127,Hallikar (0.0544),Hariana (0.0511),./data/test\Khillari\Khillari_69.jpg
Khillari_86.png,Khillari,Ongole,0.1015,Hallikar (0.0803),Khillari (0.0780),./data/test\Khillari\Khillari_86.png
Khillari_87.png,Khillari,Ongole,0.0913,Hariana (0.0859),Tharparkar (0.0714),./data/test\Khillari\Khillari_87.png
Khillari_94.png,Khillari,Ongole,0.0628,Kherigarh (0.0604),Jaffrabadi (0.0561),./data/test\Khillari\Khillari_94.png
Krishna_Valley_13.jpg,Krishna_Valley,Bhadawari,0.1319,Toda (0.0995),Brown_Swiss (0.0591),./data/test\Krishna_Valley\Krishna_Valley_13.jpg
Krishna_Valley_132.jpg,Krishna_Valley,Brown_Swiss,0.2036,Krishna_Valley (0.0965),Toda (0.0506),./data/test\Krishna_Valley\Krishna_Valley_132.jpg
Krishna_Valley_135.jpg,Krishna_Valley,Red_Dane,0.1234,Gir (0.0985),Guernsey (0.0959),./data/test\Krishna_Valley\Krishna_Valley_135.jpg
Krishna_Valley_32.jpg,Krishna_Valley,Brown_Swiss,0.1549,Jersey (0.0975),Toda (0.0808),./data/test\Krishna_Valley\Krishna_Valley_32.jpg
Krishna_Valley_45.jpg,Krishna_Valley,Jersey,0.1695,Gir (0.1189),Red_Dane (0.0802),./data/test\Krishna_Valley\Krishna_Valley_45.jpg
Krishna_Valley_5.jpg,Krishna_Valley,Guernsey,0.0911,Jersey (0.0813),Red_Dane (0.0697),./data/test\Krishna_Valley\Krishna_Valley_5.jpg
Krishna_Valley_50.jpg,Krishna_Valley,Brown_Swiss,0.107,Krishna_Valley (0.0984),Guernsey (0.0659),./data/test\Krishna_Valley\Krishna_Valley_50.jpg
Krishna_Valley_52.jpg,Krishna_Valley,Tharparkar,0.102,Krishna_Valley (0.0891),Hariana (0.0847),./data/test\Krishna_Valley\Krishna_Valley_52.jpg
Krishna_Valley_53.jpg,Krishna_Valley,Holstein_Friesian,0.1988,Ayrshire (0.0819),Toda (0.0642),./data/test\Krishna_Valley\Krishna_Valley_53.jpg
Krishna_Valley_56.jpg,Krishna_Valley,Jersey,0.1539,Gir (0.1262),Brown_Swiss (0.0943),./data/test\Krishna_Valley\Krishna_Valley_56.jpg
Krishna_Valley_67.jpg,Krishna_Valley,Ongole,0.0952,Krishna_Valley (0.0841),Deoni (0.0696),./data/test\Krishna_Valley\Krishna_Valley_67.jpg
Krishna_Valley_76.jpg,Krishna_Valley,Tharparkar,0.121,Hariana (0.0921),Krishna_Valley (0.0875),./data/test\Krishna_Valley\Krishna_Valley_76.jpg
Krishna_Valley_78.jpg,Krishna_Valley,Jersey,0.1999,Gir (0.1269),Brown_Swiss (0.1073),./data/test\Krishna_Valley\Krishna_Valley_78.jpg
Krishna_Valley_87.jpg,Krishna_Valley,Tharparkar,0.1186,Krishna_Valley (0.1076),Ongole (0.0832),./data/test\Krishna_Valley\Krishna_Valley_87.jpg
Krishna_Valley_88.jpg,Krishna_Valley,Tharparkar,0.1174,Hariana (0.1000),Krishna_Valley (0.0845),./data/test\Krishna_Valley\Krishna_Valley_88.jpg
Krishna_Valley_90.jpg,Krishna_Valley,Jersey,0.1121,Guernsey (0.0842),Red_Dane (0.0722),./data/test\Krishna_Valley\Krishna_Valley_90.jpg
00000056.jpg,Malnad_gidda,Vechur,0.2279,Sahiwal (0.1256),Gir (0.1236),./data/test\Malnad_gidda\00000056.jpg
00000068.JPG,Malnad_gidda,Vechur,0.1094,Gir (0.0978),Bargur (0.0826),./data/test\Malnad_gidda\00000068.JPG
00000069.jpg,Malnad_gidda,Vechur,0.1738,Sahiwal (0.1520),Gir (0.0787),./data/test\Malnad_gidda\00000069.jpg
00000071.jpg,Malnad_gidda,Vechur,0.177,Gir (0.1085),Nimari (0.0673),./data/test\Malnad_gidda\00000071.jpg
00000100.jpg,Malnad_gidda,Gir,0.1432,Vechur (0.0928),Bargur (0.0872),./data/test\Malnad_gidda\00000100.jpg
00000105.jpg,Malnad_gidda,Vechur,0.1163,Red_Dane (0.1160),Jersey (0.1065),./data/test\Malnad_gidda\00000105.jpg
Screenshot (1113).png,Malnad_gidda,Banni,0.1083,Kasargod (0.1056),Malnad_gidda (0.1043),./data/test\Malnad_gidda\Screenshot (1113).png
Screenshot (1116).png,Malnad_gidda,Vechur,0.1412,Gir (0.0690),Malnad_gidda (0.0561),./data/test\Malnad_gidda\Screenshot (1116).png
Screenshot (1128).png,Malnad_gidda,Jersey,0.1096,Brown_Swiss (0.0817),Vechur (0.0804),./data/test\Malnad_gidda\Screenshot (1128).png
Screenshot (1132).png,Malnad_gidda,Vechur,0.1558,Bargur (0.1012),Nimari (0.0768),./data/test\Malnad_gidda\Screenshot (1132).png
Screenshot (1133).png,Malnad_gidda,Banni,0.0947,Malnad_gidda (0.0891),Jaffrabadi (0.0750),./data/test\Malnad_gidda\Screenshot (1133).png
Screenshot (1142).png,Malnad_gidda,Banni,0.0939,Mehsana (0.0899),Holstein_Friesian (0.0786),./data/test\Malnad_gidda\Screenshot (1142).png
Screenshot (1148).png,Malnad_gidda,Murrah,0.0952,Banni (0.0927),Nili_Ravi (0.0809),./data/test\Malnad_gidda\Screenshot (1148).png
Screenshot (1156).png,Malnad_gidda,Vechur,0.0947,Bargur (0.0901),Gir (0.0688),./data/test\Malnad_gidda\Screenshot (1156).png
Screenshot (1164).png,Malnad_gidda,Holstein_Friesian,0.084,Malnad_gidda (0.0713),Kasargod (0.0526),./data/test\Malnad_gidda\Screenshot (1164).png
Mehsana_13.png,Mehsana,Murrah,0.2532,Mehsana (0.1322),Nili_Ravi (0.1281),./data/test\Mehsana\Mehsana_13.png
Mehsana_19.jpg,Mehsana,Banni,0.1723,Jaffrabadi (0.1109),Murrah (0.0751),./data/test\Mehsana\Mehsana_19.jpg
Mehsana_35.jpg,Mehsana,Bhadawari,0.139,Murrah (0.0848),Toda (0.0842),./data/test\Mehsana\Mehsana_35.jpg
Mehsana_43.png,Mehsana,Toda,0.1732,Jaffrabadi (0.1045),Mehsana (0.0997),./data/test\Mehsana\Mehsana_43.png
Mehsana_58.jpg,Mehsana,Murrah,0.1982,Banni (0.1282),Nili_Ravi (0.1060),./data/test\Mehsana\Mehsana_58.jpg
Mehsana_60.png,Mehsana,Surti,0.1154,Murrah (0.0930),Nili_Ravi (0.0832),./data/test\Mehsana\Mehsana_60.png
Mehsana_66.jpg,Mehsana,Bhadawari,0.134,Banni (0.0959),Murrah (0.0938),./data/test\Mehsana\Mehsana_66.jpg
Mehsana_75.jpg,Mehsana,Murrah,0.4035,Banni (0.0919),Nili_Ravi (0.0871),./data/test\Mehsana\Mehsana_75.jpg
Mehsana_86.jpg,Mehsana,Murrah,0.2333,Banni (0.0923),Jaffrabadi (0.0816),./data/test\Mehsana\Mehsana_86.jpg
Mehsana_93.jpg,Mehsana,Murrah,0.245,Mehsana (0.1507),Jaffrabadi (0.1095),./data/test\Mehsana\Mehsana_93.jpg
Murrah_1.JPG,Murrah,Jaffrabadi,0.1328,Banni (0.1046),Nili_Ravi (0.0873),./data/test\Murrah\Murrah_1.JPG
Murrah_132.png,Murrah,Toda,0.1205,Bhadawari (0.0995),Banni (0.0656),./data/test\Murrah\Murrah_132.png
Murrah_151.jpg,Murrah,Mehsana,0.1069,Jaffrabadi (0.1006),Murrah (0.0922),./data/test\Murrah\Murrah_151.jpg
Murrah_179.jpg,Murrah,Nili_Ravi,0.0917,Mehsana (0.0915),Murrah (0.0893),./data/test\Murrah\Murrah_179.jpg
Murrah_181.jpg,Murrah,Toda,0.1252,Murrah (0.1009),Bhadawari (0.0990),./data/test\Murrah\Murrah_181.jpg
Murrah_22.jpg,Murrah,Toda,0.1312,Jaffrabadi (0.0771),Banni (0.0683),./data/test\Murrah\Murrah_22.jpg
Murrah_25.jpg,Murrah,Pulikulam,0.0642,Jaffrabadi (0.0636),Umblachery (0.0531),./data/test\Murrah\Murrah_25.jpg
Murrah_4.jpg,Murrah,Bhadawari,0.1023,Murrah (0.0997),Umblachery (0.0720),./data/test\Murrah\Murrah_4.jpg
Murrah_47.jpeg,Murrah,Banni,0.1665,Murrah (0.1018),Nili_Ravi (0.0818),./data/test\Murrah\Murrah_47.jpeg
Murrah_53.jpg,Murrah,Nili_Ravi,0.1395,Mehsana (0.1297),Jaffrabadi (0.1208),./data/test\Murrah\Murrah_53.jpg
Murrah_69.jpg,Murrah,Pulikulam,0.0941,Jaffrabadi (0.0728),Banni (0.0683),./data/test\Murrah\Murrah_69.jpg
00000003.jpg,Nagori,Hallikar,0.1151,Kankrej (0.1065),Nagori (0.0635),./data/test\Nagori\00000003.jpg
00000020.jpg,Nagori,Ongole,0.1039,Tharparkar (0.0965),Khillari (0.0845),./data/test\Nagori\00000020.jpg
00000023.jpg,Nagori,Tharparkar,0.2121,Ongole (0.1592),Hariana (0.1221),./data/test\Nagori\00000023.jpg
00000044.jpg,Nagori,Tharparkar,0.1011,Hariana (0.1005),Khillari (0.0945),./data/test\Nagori\00000044.jpg
00000125.png,Nagori,Umblachery,0.1225,Kenkatha (0.1009),Kankrej (0.0726),./data/test\Nagori\00000125.png
00000146.jpg,Nagori,Hallikar,0.1396,Kankrej (0.1045),Nagori (0.0832),./data/test\Nagori\00000146.jpg
00000157.jpg,Nagori,Khillari,0.1223,Ongole (0.1043),Kankrej (0.0914),./data/test\Nagori\00000157.jpg
Screenshot (1059).png,Nagori,Hariana,0.101,Ongole (0.0927),Deoni (0.0917),./data/test\Nagori\Screenshot (1059).png
Screenshot (1060).png,Nagori,Amritmahal,0.144,Kankrej (0.1004),Pulikulam (0.0743),./data/test\Nagori\Screenshot (1060).png
Screenshot (1062).png,Nagori,Pulikulam,0.093,Amritmahal (0.0893),Kangayam (0.0773),./data/test\Nagori\Screenshot (1062).png
Screenshot (1063).png,Nagori,Pulikulam,0.1048,Amritmahal (0.0998),Kankrej (0.0920),./data/test\Nagori\Screenshot (1063).png
Screenshot (1073).png,Nagori,Surti,0.0613,Kankrej (0.0567),Rathi (0.0483),./data/test\Nagori\Screenshot (1073).png
Screenshot (1090).png,Nagori,Khillari,0.0867,Hallikar (0.0675),Nagori (0.0656),./data/test\Nagori\Screenshot (1090).png
Screenshot (1092).png,Nagori,Khillari,0.0892,Hallikar (0.0791),Deoni (0.0631),./data/test\Nagori\Screenshot (1092).png
Nagpuri_101.jpg,Nagpuri,Banni,0.0615,Malnad_gidda (0.0489),Holstein_Friesian (0.0481),./data/test\Nagpuri\Nagpuri_101.jpg
Nagpuri_107.jpg,Nagpuri,Toda,0.1149,Bhadawari (0.0716),Alambadi (0.0483),./data/test\Nagpuri\Nagpuri_107.jpg
Nagpuri_11.jpg,Nagpuri,Bhadawari,0.1525,Murrah (0.1101),Surti (0.0731),./data/test\Nagpuri\Nagpuri_11.jpg
Nagpuri_111.jpg,Nagpuri,Murrah,0.1356,Banni (0.1256),Nili_Ravi (0.0915),./data/test\Nagpuri\Nagpuri_111.jpg
Nagpuri_118.jpg,Nagpuri,Vechur,0.1388,Sahiwal (0.0727),Gir (0.0688),./data/test\Nagpuri\Nagpuri_118.jpg
Nagpuri_128.jpg,Nagpuri,Banni,0.0672,Alambadi (0.0657),Holstein_Friesian (0.0554),./data/test\Nagpuri\Nagpuri_128.jpg
Nagpuri_136.jpg,Nagpuri,Pulikulam,0.1286,Kangayam (0.0756),Hallikar (0.0716),./data/test\Nagpuri\Nagpuri_136.jpg
Nagpuri_142.jpg,Nagpuri,Banni,0.1194,Nili_Ravi (0.0837),Mehsana (0.0764),./data/test\Nagpuri\Nagpuri_142.jpg
Nagpuri_154.jpg,Nagpuri,Ongole,0.1227,Krishna_Valley (0.0981),Tharparkar (0.0957),./data/test\Nagpuri\Nagpuri_154.jpg
Nagpuri_16.jpg,Nagpuri,Banni,0.1687,Jaffrabadi (0.0931),Nili_Ravi (0.0925),./data/test\Nagpuri\Nagpuri_16.jpg
Nagpuri_161.jpg,Nagpuri,Toda,0.0955,Bhadawari (0.0911),Nagpuri (0.0705),./data/test\Nagpuri\Nagpuri_161.jpg
Nagpuri_169.png,Nagpuri,Murrah,0.0899,Banni (0.0755),Bhadawari (0.0711),./data/test\Nagpuri\Nagpuri_169.png
Nagpuri_18.jpg,Nagpuri,Murrah,0.2383,Nili_Ravi (0.1211),Mehsana (0.1049),./data/test\Nagpuri\Nagpuri_18.jpg
Nagpuri_180.png,Nagpuri,Banni,0.106,Murrah (0.0914),Jaffrabadi (0.0782),./data/test\Nagpuri\Nagpuri_180.png
Nagpuri_191.jpg,Nagpuri,Murrah,0.1722,Banni (0.1083),Jaffrabadi (0.1064),./data/test\Nagpuri\Nagpuri_191.jpg
Nagpuri_193.jpg,Nagpuri,Bhadawari,0.1436,Murrah (0.1096),Nili_Ravi (0.0919),./data/test\Nagpuri\Nagpuri_193.jpg
Nagpuri_196.png,Nagpuri,Jaffrabadi,0.0781,Kangayam (0.0583),Pulikulam (0.0543),./data/test\Nagpuri\Nagpuri_196.png
Nagpuri_24.jpg,Nagpuri,Toda,0.0692,Brown_Swiss (0.0673),Jersey (0.0500),./data/test\Nagpuri\Nagpuri_24.jpg
Nagpuri_25.jpg,Nagpuri,Murrah,0.1375,Bhadawari (0.1067),Jaffrabadi (0.0945),./data/test\Nagpuri\Nagpuri_25.jpg
Nagpuri_39.jpg,Nagpuri,Banni,0.1664,Nili_Ravi (0.1130),Kasargod (0.0863),./data/test\Nagpuri\Nagpuri_39.jpg
Nagpuri_48.jpg,Nagpuri,Jaffrabadi,0.162,Murrah (0.1056),Banni (0.1003),./data/test\Nagpuri\Nagpuri_48.jpg
Nagpuri_51.jpg,Nagpuri,Banni,0.1045,Mehsana (0.0826),Kasargod (0.0704),./data/test\Nagpuri\Nagpuri_51.jpg
Nagpuri_6.jpg,Nagpuri,Banni,0.098,Murrah (0.0915),Nili_Ravi (0.0745),./data/test\Nagpuri\Nagpuri_6.jpg
Nagpuri_65.jpg,Nagpuri,Bargur,0.0581,Vechur (0.0416),Kangayam (0.0383),./data/test\Nagpuri\Nagpuri_65.jpg
Nagpuri_85.jpg,Nagpuri,Banni,0.1525,Jaffrabadi (0.0644),Nili_Ravi (0.0641),./data/test\Nagpuri\Nagpuri_85.jpg
Nagpuri_86.png,Nagpuri,Tharparkar,0.1629,Ongole (0.1460),Hariana (0.1128),./data/test\Nagpuri\Nagpuri_86.png
Nagpuri_90.jpg,Nagpuri,Murrah,0.1726,Nili_Ravi (0.0806),Banni (0.0689),./data/test\Nagpuri\Nagpuri_90.jpg
Nagpuri_99.jpg,Nagpuri,Banni,0.2107,Toda (0.1028),Nagpuri (0.0690),./data/test\Nagpuri\Nagpuri_99.jpg
Nili_Ravi_14.jpg,Nili_Ravi,Jaffrabadi,0.1129,Murrah (0.0968),Surti (0.0781),./data/test\Nili_Ravi\Nili_Ravi_14.jpg
Nili_Ravi_15.jpg,Nili_Ravi,Murrah,0.1362,Jaffrabadi (0.1115),Bhadawari (0.0825),./data/test\Nili_Ravi\Nili_Ravi_15.jpg
Nili_Ravi_2.png,Nili_Ravi,Banni,0.1037,Murrah (0.0907),Nagpuri (0.0718),./data/test\Nili_Ravi\Nili_Ravi_2.png
Nili_Ravi_24.jpg,Nili_Ravi,Kasargod,0.1025,Murrah (0.0966),Nili_Ravi (0.0798),./data/test\Nili_Ravi\Nili_Ravi_24.jpg
Nili_Ravi_25.jpg,Nili_Ravi,Bhadawari,0.1056,Toda (0.0897),Mehsana (0.0635),./data/test\Nili_Ravi\Nili_Ravi_25.jpg
Nili_Ravi_30.jpg,Nili_Ravi,Murrah,0.196,Nili_Ravi (0.1059),Mehsana (0.0807),./data/test\Nili_Ravi\Nili_Ravi_30.jpg
Nili_Ravi_34.jpg,Nili_Ravi,Murrah,0.2669,Banni (0.1819),Nili_Ravi (0.1351),./data/test\Nili_Ravi\Nili_Ravi_34.jpg
Nili_Ravi_50.jpg,Nili_Ravi,Murrah,0.1064,Surti (0.0785),Malnad_gidda (0.0740),./data/test\Nili_Ravi\Nili_Ravi_50.jpg
Nili_Ravi_58.jpg,Nili_Ravi,Banni,0.0629,Bhadawari (0.0627),Murrah (0.0588),./data/test\Nili_Ravi\Nili_Ravi_58.jpg
Nili_Ravi_63.jpg,Nili_Ravi,Banni,0.1332,Nili_Ravi (0.1163),Murrah (0.0831),./data/test\Nili_Ravi\Nili_Ravi_63.jpg
Nili_Ravi_66.jpg,Nili_Ravi,Murrah,0.1358,Nili_Ravi (0.1094),Mehsana (0.0993),./data/test\Nili_Ravi\Nili_Ravi_66.jpg
Nili_Ravi_79.jpg,Nili_Ravi,Banni,0.1404,Mehsana (0.1133),Nili_Ravi (0.1046),./data/test\Nili_Ravi\Nili_Ravi_79.jpg
Nili_Ravi_87.jpg,Nili_Ravi,Kangayam,0.1251,Mehsana (0.1077),Nili_Ravi (0.0985),./data/test\Nili_Ravi\Nili_Ravi_87.jpg
00000009.jpg,Nimari,Ayrshire,0.2054,Guernsey (0.1861),Bargur (0.0966),./data/test\Nimari\00000009.jpg
00000131.jpg,Nimari,Bargur,0.1302,Gir (0.1276),Nimari (0.1160),./data/test\Nimari\00000131.jpg
00000256.jpg,Nimari,Gir,0.1416,Sahiwal (0.1343),Red_Sindhi (0.0899),./data/test\Nimari\00000256.jpg
00000326.jpg,Nimari,Sahiwal,0.1035,Vechur (0.0783),Gir (0.0592),./data/test\Nimari\00000326.jpg
00000387.jpg,Nimari,Rathi,0.4859,Bargur (0.2384),Nimari (0.0685),./data/test\Nimari\00000387.jpg
00000393.jpg,Nimari,Ongole,0.1353,Khillari (0.1174),Deoni (0.1142),./data/test\Nimari\00000393.jpg
Screenshot (1030).png,Nimari,Umblachery,0.0944,Pulikulam (0.0734),Malnad_gidda (0.0701),./data/test\Nimari\Screenshot (1030).png
Screenshot (1031).png,Nimari,Bargur,0.0678,Gir (0.0661),Vechur (0.0653),./data/test\Nimari\Screenshot (1031).png
Screenshot (1037).png,Nimari,Bargur,0.3878,Nimari (0.2639),Rathi (0.0463),./data/test\Nimari\Screenshot (1037).png
Screenshot (1040).png,Nimari,Bargur,0.2122,Nimari (0.1986),Sahiwal (0.0734),./data/test\Nimari\Screenshot (1040).png
Screenshot (1043).png,Nimari,Bargur,0.4812,Nimari (0.1621),Gir (0.0532),./data/test\Nimari\Screenshot (1043).png
Screenshot (1046).png,Nimari,Sahiwal,0.1525,Nimari (0.1407),Red_Sindhi (0.0882),./data/test\Nimari\Screenshot (1046).png
Screenshot (1047).png,Nimari,Bargur,0.4833,Nimari (0.1077),Ayrshire (0.0468),./data/test\Nimari\Screenshot (1047).png
Screenshot (1051).png,Nimari,Bargur,0.3297,Nimari (0.0979),Ayrshire (0.0884),./data/test\Nimari\Screenshot (1051).png
Ongole_11.jpg,Ongole,Hariana,0.112,Ongole (0.1049),Deoni (0.1033),./data/test\Ongole\Ongole_11.jpg
Ongole_119.png,Ongole,Hallikar,0.0868,Alambadi (0.0776),Deoni (0.0733),./data/test\Ongole\Ongole_119.png
Ongole_123.jpg,Ongole,Tharparkar,0.1366,Hariana (0.1310),Ongole (0.0992),./data/test\Ongole\Ongole_123.jpg
Ongole_137.jpg,Ongole,Hariana,0.1923,Tharparkar (0.1409),Ongole (0.1403),./data/test\Ongole\Ongole_137.jpg
Ongole_148.jpg,Ongole,Kankrej,0.1048,Kangayam (0.0750),Pulikulam (0.0708),./data/test\Ongole\Ongole_148.jpg
Ongole_154.jpg,Ongole,Tharparkar,0.0996,Ongole (0.0935),Deoni (0.0870),./data/test\Ongole\Ongole_154.jpg
Ongole_157.jpg,Ongole,Tharparkar,0.1388,Hariana (0.1305),Ongole (0.1195),./data/test\Ongole\Ongole_157.jpg
Ongole_159.jpg,Ongole,Tharparkar,0.1529,Ongole (0.1497),Hariana (0.1435),./data/test\Ongole\Ongole_159.jpg
Ongole_173.jpg,Ongole,Tharparkar,0.1144,Ongole (0.1126),Khillari (0.0768),./data/test\Ongole\Ongole_173.jpg
Ongole_176.jpg,Ongole,Hallikar,0.141,Ongole (0.1121),Nagori (0.0795),./data/test\Ongole\Ongole_176.jpg
Ongole_177.png,Ongole,Kangayam,0.1126,Hallikar (0.0852),Deoni (0.0666),./data/test\Ongole\Ongole_177.png
Ongole_180.jpg,Ongole,Tharparkar,0.1137,Deoni (0.0936),Ongole (0.0781),./data/test\Ongole\Ongole_180.jpg
Ongole_20.png,Ongole,Deoni,0.1054,Khillari (0.1016),Ongole (0.0946),./data/test\Ongole\Ongole_20.png
Ongole_22.png,Ongole,Khillari,0.1376,Deoni (0.1163),Hallikar (0.1153),./data/test\Ongole\Ongole_22.png
Ongole_27.jpg,Ongole,Hallikar,0.1083,Ongole (0.1031),Kangayam (0.0825),./data/test\Ongole\Ongole_27.jpg
Ongole_40.png,Ongole,Khillari,0.0907,Tharparkar (0.0750),Hallikar (0.0683),./data/test\Ongole\Ongole_40.png
Ongole_81.png,Ongole,Tharparkar,0.1431,Ongole (0.1029),Hariana (0.0918),./data/test\Ongole\Ongole_81.png
Ongole_92.png,Ongole,Khillari,0.1401,Ongole (0.0979),Hallikar (0.0958),./data/test\Ongole\Ongole_92.png
Pulikulam_11.png,Pulikulam,Alambadi,0.1036,Kangayam (0.0701),Toda (0.0597),./data/test\Pulikulam\Pulikulam_11.png
Pulikulam_110.jpg,Pulikulam,Kangayam,0.0932,Pulikulam (0.0926),Dangi (0.0554),./data/test\Pulikulam\Pulikulam_110.jpg
Pulikulam_115.png,Pulikulam,Toda,0.0837,Pulikulam (0.0709),Holstein_Friesian (0.0585),./data/test\Pulikulam\Pulikulam_115.png
Pulikulam_116.jpg,Pulikulam,Kankrej,0.1996,Pulikulam (0.0961),Kangayam (0.0791),./data/test\Pulikulam\Pulikulam_116.jpg
Pulikulam_14.jpg,Pulikulam,Kankrej,0.0891,Pulikulam (0.0775),Hallikar (0.0723),./data/test\Pulikulam\Pulikulam_14.jpg
Pulikulam_17.png,Pulikulam,Mehsana,0.1347,Toda (0.1029),Banni (0.0820),./data/test\Pulikulam\Pulikulam_17.png
Pulikulam_25.png,Pulikulam,Hallikar,0.1402,Alambadi (0.0690),Kankrej (0.0624),./data/test\Pulikulam\Pulikulam_25.png
Pulikulam_3.JPG,Pulikulam,Jersey,0.0917,Brown_Swiss (0.0912),Krishna_Valley (0.0586),./data/test\Pulikulam\Pulikulam_3.JPG
Pulikulam_32.png,Pulikulam,Tharparkar,0.1277,Hallikar (0.1162),Hariana (0.1138),./data/test\Pulikulam\Pulikulam_32.png
Pulikulam_33.png,Pulikulam,Deoni,0.1073,Dangi (0.0910),Hariana (0.0832),./data/test\Pulikulam\Pulikulam_33.png
Pulikulam_50.jpg,Pulikulam,Kangayam,0.1558,Pulikulam (0.1108),Kankrej (0.0934),./data/test\Pulikulam\Pulikulam_50.jpg
Pulikulam_52.jpg,Pulikulam,Kankrej,0.1478,Pulikulam (0.1197),Kangayam (0.1047),./data/test\Pulikulam\Pulikulam_52.jpg
Pulikulam_53.jpg,Pulikulam,Malnad_gidda,0.0955,Mehsana (0.0748),Banni (0.0686),./data/test\Pulikulam\Pulikulam_53.jpg
Pulikulam_76.jpg,Pulikulam,Toda,0.1164,Bhadawari (0.0967),Brown_Swiss (0.0966),./data/test\Pulikulam\Pulikulam_76.jpg
Pulikulam_77.jpg,Pulikulam,Kangayam,0.1777,Pulikulam (0.1213),Alambadi (0.0674),./data/test\Pulikulam\Pulikulam_77.jpg
Pulikulam_95.jpg,Pulikulam,Mehsana,0.0593,Bhadawari (0.0569),Holstein_Friesian (0.0532),./data/test\Pulikulam\Pulikulam_95.jpg
00000027.jpg,Rathi,Gir,0.1598,Vechur (0.1468),Sahiwal (0.1454),./data/test\Rathi\00000027.jpg
00000079.png,Rathi,Dangi,0.2788,Rathi (0.2137),Bargur (0.0978),./data/test\Rathi\00000079.png
00000111.jpg,Rathi,Bhadawari,0.0986,Alambadi (0.0584),Mehsana (0.0544),./data/test\Rathi\00000111.jpg
00000134.jpg,Rathi,Dangi,0.5523,Rathi (0.1669),Bargur (0.0883),./data/test\Rathi\00000134.jpg
00000155.jpg,Rathi,Dangi,0.2953,Rathi (0.1239),Ayrshire (0.0903),./data/test\Rathi\00000155.jpg
00000164.jpg,Rathi,Sahiwal,0.1695,Gir (0.1548),Vechur (0.1501),./data/test\Rathi\00000164.jpg
00000197.jpg,Rathi,Bargur,0.2446,Gir (0.1309),Nimari (0.1052),./data/test\Rathi\00000197.jpg
00000222.jpg,Rathi,Bargur,0.3373,Rathi (0.2031),Gir (0.0834),./data/test\Rathi\00000222.jpg
00000257.jpg,Rathi,Ongole,0.0615,Hariana (0.0612),Hallikar (0.0542),./data/test\Rathi\00000257.jpg
00000371.jpg,Rathi,Vechur,0.1325,Sahiwal (0.1188),Gir (0.0996),./data/test\Rathi\00000371.jpg
00000387.jpg,Rathi,Sahiwal,0.1458,Red_Sindhi (0.0897),Gir (0.0837),./data/test\Rathi\00000387.jpg
Screenshot (968).png,Rathi,Khillari,0.0546,Hariana (0.0442),Ongole (0.0434),./data/test\Rathi\Screenshot (968).png
Screenshot (974).png,Rathi,Bargur,0.2372,Gir (0.0934),Rathi (0.0795),./data/test\Rathi\Screenshot (974).png
Screenshot (977).png,Rathi,Bargur,0.2629,Gir (0.0950),Vechur (0.0616),./data/test\Rathi\Screenshot (977).png
Red_Dane_10.jpg,Red_Dane,Jersey,0.1996,Red_Dane (0.1125),Gir (0.0947),./data/test\Red_Dane\Red_Dane_10.jpg
Red_Dane_107.jpg,Red_Dane,Jersey,0.1276,Red_Dane (0.1267),Gir (0.1152),./data/test\Red_Dane\Red_Dane_107.jpg
Red_Dane_111.jpg,Red_Dane,Ayrshire,0.0786,Guernsey (0.0542),Brown_Swiss (0.0430),./data/test\Red_Dane\Red_Dane_111.jpg
Red_Dane_119.jpg,Red_Dane,Jersey,0.1997,Red_Dane (0.0995),Guernsey (0.0979),./data/test\Red_Dane\Red_Dane_119.jpg
Red_Dane_129.jpg,Red_Dane,Jersey,0.1911,Guernsey (0.1122),Brown_Swiss (0.1085),./data/test\Red_Dane\Red_Dane_129.jpg
Red_Dane_135.jpg,Red_Dane,Ayrshire,0.2629,Guernsey (0.1591),Bargur (0.1482),./data/test\Red_Dane\Red_Dane_135.jpg
Red_Dane_138.jpg,Red_Dane,Jersey,0.2597,Guernsey (0.1265),Red_Dane (0.0949),./data/test\Red_Dane\Red_Dane_138.jpg
Red_Dane_14.jpg,Red_Dane,Guernsey,0.1853,Jersey (0.1723),Red_Dane (0.1555),./data/test\Red_Dane\Red_Dane_14.jpg
Red_Dane_145.jpg,Red_Dane,Alambadi,0.0907,Holstein_Friesian (0.0743),Pulikulam (0.0693),./data/test\Red_Dane\Red_Dane_145.jpg
Red_Dane_162.jpg,Red_Dane,Holstein_Friesian,0.1379,Ayrshire (0.0734),Red_Dane (0.0478),./data/test\Red_Dane\Red_Dane_162.jpg
Red_Dane_20.jpg,Red_Dane,Bhadawari,0.1875,Toda (0.1653),Banni (0.0734),./data/test\Red_Dane\Red_Dane_20.jpg
Red_Dane_34.jpg,Red_Dane,Jersey,0.1075,Red_Dane (0.0978),Guernsey (0.0958),./data/test\Red_Dane\Red_Dane_34.jpg
Red_Dane_37.jpg,Red_Dane,Bhadawari,0.1467,Toda (0.1209),Murrah (0.0850),./data/test\Red_Dane\Red_Dane_37.jpg
Red_Dane_41.jpg,Red_Dane,Jersey,0.2372,Brown_Swiss (0.1115),Gir (0.0891),./data/test\Red_Dane\Red_Dane_41.jpg
Red_Dane_47.jpg,Red_Dane,Jersey,0.2412,Red_Dane (0.1404),Guernsey (0.0981),./data/test\Red_Dane\Red_Dane_47.jpg
Red_Dane_49.jpg,Red_Dane,Jersey,0.1284,Red_Dane (0.1247),Guernsey (0.0914),./data/test\Red_Dane\Red_Dane_49.jpg
Red_Dane_52.jpg,Red_Dane,Ayrshire,0.2664,Guernsey (0.2612),Red_Dane (0.1239),./data/test\Red_Dane\Red_Dane_52.jpg
Red_Dane_61.jpg,Red_Dane,Jersey,0.1773,Red_Dane (0.1531),Guernsey (0.1321),./data/test\Red_Dane\Red_Dane_61.jpg
Red_Dane_71.jpg,Red_Dane,Jersey,0.1262,Red_Dane (0.0842),Ayrshire (0.0798),./data/test\Red_Dane\Red_Dane_71.jpg
Red_Dane_81.jpg,Red_Dane,Toda,0.1425,Bhadawari (0.0977),Brown_Swiss (0.0678),./data/test\Red_Dane\Red_Dane_81.jpg
Red_Dane_84.jpg,Red_Dane,Ayrshire,0.0973,Toda (0.0621),Holstein_Friesian (0.0587),./data/test\Red_Dane\Red_Dane_84.jpg
Red_Dane_94.jpg,Red_Dane,Jersey,0.2369,Vechur (0.0927),Red_Dane (0.0897),./data/test\Red_Dane\Red_Dane_94.jpg
Red_Dane_95.jpg,Red_Dane,Guernsey,0.3118,Ayrshire (0.2662),Red_Dane (0.0760),./data/test\Red_Dane\Red_Dane_95.jpg
Red_Dane_99.jpg,Red_Dane,Holstein_Friesian,0.0618,Ayrshire (0.0471),Alambadi (0.0422),./data/test\Red_Dane\Red_Dane_99.jpg
Red_Sindhi_100.jpeg,Red_Sindhi,Vechur,0.0558,Jersey (0.0540),Nimari (0.0464),./data/test\Red_Sindhi\Red_Sindhi_100.jpeg
Red_Sindhi_11.png,Red_Sindhi,Vechur,0.0949,Gir (0.0658),Bargur (0.0567),./data/test\Red_Sindhi\Red_Sindhi_11.png
Red_Sindhi_120.png,Red_Sindhi,Rathi,0.3938,Bargur (0.3251),Dangi (0.0539),./data/test\Red_Sindhi\Red_Sindhi_120.png
Red_Sindhi_121.jpeg,Red_Sindhi,Gir,0.0819,Sahiwal (0.0790),Red_Sindhi (0.0676),./data/test\Red_Sindhi\Red_Sindhi_121.jpeg
Red_Sindhi_125.png,Red_Sindhi,Rathi,0.1877,Bargur (0.0530),Gir (0.0519),./data/test\Red_Sindhi\Red_Sindhi_125.png
Red_Sindhi_126.png,Red_Sindhi,Gir,0.1821,Rathi (0.1818),Sahiwal (0.1210),./data/test\Red_Sindhi\Red_Sindhi_126.png
Red_Sindhi_131.png,Red_Sindhi,Bargur,0.2146,Rathi (0.1551),Gir (0.1422),./data/test\Red_Sindhi\Red_Sindhi_131.png
Red_Sindhi_138.png,Red_Sindhi,Sahiwal,0.0838,Vechur (0.0711),Gir (0.0530),./data/test\Red_Sindhi\Red_Sindhi_138.png
Red_Sindhi_139.png,Red_Sindhi,Gir,0.0904,Vechur (0.0751),Sahiwal (0.0733),./data/test\Red_Sindhi\Red_Sindhi_139.png
Red_Sindhi_141.png,Red_Sindhi,Gir,0.1088,Sahiwal (0.0942),Vechur (0.0529),./data/test\Red_Sindhi\Red_Sindhi_141.png
Red_Sindhi_163.png,Red_Sindhi,Guernsey,0.1161,Jersey (0.1051),Red_Dane (0.0956),./data/test\Red_Sindhi\Red_Sindhi_163.png
Red_Sindhi_164.jpg,Red_Sindhi,Gir,0.1411,Sahiwal (0.1361),Red_Sindhi (0.0945),./data/test\Red_Sindhi\Red_Sindhi_164.jpg
Red_Sindhi_25.png,Red_Sindhi,Sahiwal,0.163,Vechur (0.1174),Gir (0.0996),./data/test\Red_Sindhi\Red_Sindhi_25.png
Red_Sindhi_28.jpg,Red_Sindhi,Gir,0.1312,Sahiwal (0.0814),Red_Dane (0.0716),./data/test\Red_Sindhi\Red_Sindhi_28.jpg
Red_Sindhi_32.jpg,Red_Sindhi,Sahiwal,0.1593,Vechur (0.1341),Gir (0.1323),./data/test\Red_Sindhi\Red_Sindhi_32.jpg
Red_Sindhi_36.jpg,Red_Sindhi,Jersey,0.1574,Gir (0.1490),Red_Dane (0.1069),./data/test\Red_Sindhi\Red_Sindhi_36.jpg
Red_Sindhi_4.JPG,Red_Sindhi,Vechur,0.1672,Sahiwal (0.1391),Gir (0.0996),./data/test\Red_Sindhi\Red_Sindhi_4.JPG
Red_Sindhi_43.jpg,Red_Sindhi,Sahiwal,0.1567,Vechur (0.1053),Gir (0.0921),./data/test\Red_Sindhi\Red_Sindhi_43.jpg
Red_Sindhi_48.jpg,Red_Sindhi,Gir,0.0403,Guernsey (0.0392),Jersey (0.0375),./data/test\Red_Sindhi\Red_Sindhi_48.jpg
Red_Sindhi_5.JPG,Red_Sindhi,Jersey,0.0884,Gir (0.0867),Red_Dane (0.0687),./data/test\Red_Sindhi\Red_Sindhi_5.JPG
Red_Sindhi_53.jpg,Red_Sindhi,Gir,0.1106,Kangayam (0.0626),Malnad_gidda (0.0572),./data/test\Red_Sindhi\Red_Sindhi_53.jpg
Red_Sindhi_57.jpg,Red_Sindhi,Sahiwal,0.1407,Vechur (0.1385),Red_Sindhi (0.1335),./data/test\Red_Sindhi\Red_Sindhi_57.jpg
Red_Sindhi_62.jpg,Red_Sindhi,Sahiwal,0.1173,Vechur (0.0810),Red_Sindhi (0.0772),./data/test\Red_Sindhi\Red_Sindhi_62.jpg
Red_Sindhi_84.jpg,Red_Sindhi,Sahiwal,0.1212,Red_Sindhi (0.0784),Vechur (0.0754),./data/test\Red_Sindhi\Red_Sindhi_84.jpg
Red_Sindhi_98.jpg,Red_Sindhi,Sahiwal,0.0457,Gir (0.0428),Red_Sindhi (0.0365),./data/test\Red_Sindhi\Red_Sindhi_98.jpg
still_BLF2042_BLF2042_2.jpg,Red_Sindhi,Sahiwal,0.0757,Red_Sindhi (0.0530),Vechur (0.0449),./data/test\Red_Sindhi\still_BLF2042_BLF2042_2.jpg
still_BLF2047_BLF2047_2.jpg,Red_Sindhi,Sahiwal,0.0909,Red_Sindhi (0.0713),Vechur (0.0631),./data/test\Red_Sindhi\still_BLF2047_BLF2047_2.jpg
still_BLF2054_BLF2054_1.jpg,Red_Sindhi,Sahiwal,0.0653,Red_Sindhi (0.0571),Malnad_gidda (0.0544),./data/test\Red_Sindhi\still_BLF2054_BLF2054_1.jpg
still_BLF2054_BLF2054_3.jpg,Red_Sindhi,Sahiwal,0.0847,Red_Sindhi (0.0623),Vechur (0.0470),./data/test\Red_Sindhi\still_BLF2054_BLF2054_3.jpg
still_BLF2062_BLF2062_0.jpg,Red_Sindhi,Sahiwal,0.1268,Red_Sindhi (0.0844),Vechur (0.0693),./data/test\Red_Sindhi\still_BLF2062_BLF2062_0.jpg
still_BLF2062_BLF2062_1.jpg,Red_Sindhi,Sahiwal,0.1278,Red_Sindhi (0.0770),Gir (0.0676),./data/test\Red_Sindhi\still_BLF2062_BLF2062_1.jpg
still_BLF2081_BLF2081_3.jpg,Red_Sindhi,Sahiwal,0.1898,Gir (0.0883),Red_Sindhi (0.0875),./data/test\Red_Sindhi\still_BLF2081_BLF2081_3.jpg
still_BLF2115_BLF2115_2.jpg,Red_Sindhi,Sahiwal,0.1255,Red_Sindhi (0.0856),Vechur (0.0671),./data/test\Red_Sindhi\still_BLF2115_BLF2115_2.jpg
still_BLF2146_BLF2146_0.jpg,Red_Sindhi,Sahiwal,0.1596,Red_Sindhi (0.0793),Gir (0.0772),./data/test\Red_Sindhi\still_BLF2146_BLF2146_0.jpg
still_BLF2146_BLF2146_3.jpg,Red_Sindhi,Sahiwal,0.1852,Red_Sindhi (0.0925),Gir (0.0748),./data/test\Red_Sindhi\still_BLF2146_BLF2146_3.jpg
still_BLF2162_BLF2162_2.jpg,Red_Sindhi,Sahiwal,0.1001,Red_Sindhi (0.0656),Gir (0.0593),./data/test\Red_Sindhi\still_BLF2162_BLF2162_2.jpg
still_BLF2178_BLF2178_1.jpg,Red_Sindhi,Sahiwal,0.1393,Red_Sindhi (0.0856),Vechur (0.0704),./data/test\Red_Sindhi\still_BLF2178_BLF2178_1.jpg
still_BLF2185_BLF2185_0.jpg,Red_Sindhi,Sahiwal,0.1634,Red_Sindhi (0.0883),Gir (0.0718),./data/test\Red_Sindhi\still_BLF2185_BLF2185_0.jpg
still_BLF2245_BLF2245_2.jpg,Red_Sindhi,Sahiwal,0.1023,Red_Sindhi (0.0739),Vechur (0.0672),./data/test\Red_Sindhi\still_BLF2245_BLF2245_2.jpg
still_BLF2258_BLF2258_3.jpg,Red_Sindhi,Sahiwal,0.157,Red_Sindhi (0.0950),Gir (0.0850),./data/test\Red_Sindhi\still_BLF2258_BLF2258_3.jpg
still_BLF2296_BLF2296_1.jpg,Red_Sindhi,Sahiwal,0.1128,Red_Sindhi (0.0748),Vechur (0.0679),./data/test\Red_Sindhi\still_BLF2296_BLF2296_1.jpg
still_BLF2527_BLF2527_1.jpg,Red_Sindhi,Sahiwal,0.0727,Red_Sindhi (0.0597),Gir (0.0505),./data/test\Red_Sindhi\still_BLF2527_BLF2527_1.jpg
still_BLF2527_BLF2527_2.jpg,Red_Sindhi,Sahiwal,0.0938,Red_Sindhi (0.0788),Gir (0.0537),./data/test\Red_Sindhi\still_BLF2527_BLF2527_2.jpg
still_BLF2531_BLF2531_3.jpg,Red_Sindhi,Sahiwal,0.1978,Red_Sindhi (0.0901),Gir (0.0837),./data/test\Red_Sindhi\still_BLF2531_BLF2531_3.jpg
still_BLF2577_BLF2577_2.jpg,Red_Sindhi,Sahiwal,0.1082,Red_Sindhi (0.0747),Vechur (0.0618),./data/test\Red_Sindhi\still_BLF2577_BLF2577_2.jpg
still_BLF2590_BLF2590_0.jpg,Red_Sindhi,Sahiwal,0.0946,Red_Sindhi (0.0649),Vechur (0.0511),./data/test\Red_Sindhi\still_BLF2590_BLF2590_0.jpg
still_BLF2590_BLF2590_2.jpg,Red_Sindhi,Sahiwal,0.0821,Red_Sindhi (0.0677),Gir (0.0501),./data/test\Red_Sindhi\still_BLF2590_BLF2590_2.jpg
still_BLF2611_BLF2611_3.jpg,Red_Sindhi,Sahiwal,0.0782,Vechur (0.0526),Red_Sindhi (0.0524),./data/test\Red_Sindhi\still_BLF2611_BLF2611_3.jpg
yt_BLF2026_BLF2026_16.jpg,Red_Sindhi,Sahiwal,0.0797,Red_Sindhi (0.0619),Vechur (0.0492),./data/test\Red_Sindhi\yt_BLF2026_BLF2026_16.jpg
yt_BLF2026_BLF2026_9.jpg,Red_Sindhi,Sahiwal,0.0918,Red_Sindhi (0.0595),Gir (0.0481),./data/test\Red_Sindhi\yt_BLF2026_BLF2026_9.jpg
yt_BLF2047_BLF2047_4.jpg,Red_Sindhi,Sahiwal,0.1438,Red_Sindhi (0.0876),Gir (0.0640),./data/test\Red_Sindhi\yt_BLF2047_BLF2047_4.jpg
yt_BLF2054_BLF2054_12.jpg,Red_Sindhi,Sahiwal,0.079,Red_Sindhi (0.0784),Vechur (0.0490),./data/test\Red_Sindhi\yt_BLF2054_BLF2054_12.jpg
yt_BLF2061_BLF2061_24.jpg,Red_Sindhi,Sahiwal,0.101,Red_Sindhi (0.0681),Vechur (0.0616),./data/test\Red_Sindhi\yt_BLF2061_BLF2061_24.jpg
yt_BLF2061_BLF2061_28.jpg,Red_Sindhi,Vechur,0.1537,Sahiwal (0.1209),Red_Sindhi (0.1153),./data/test\Red_Sindhi\yt_BLF2061_BLF2061_28.jpg
yt_BLF2062_BLF2062_0.jpg,Red_Sindhi,Sahiwal,0.117,Red_Sindhi (0.0727),Gir (0.0575),./data/test\Red_Sindhi\yt_BLF2062_BLF2062_0.jpg
yt_BLF2064_BLF2064_2.jpg,Red_Sindhi,Sahiwal,0.1199,Red_Sindhi (0.0753),Vechur (0.0600),./data/test\Red_Sindhi\yt_BLF2064_BLF2064_2.jpg
yt_BLF2081_BLF2081_2.jpg,Red_Sindhi,Sahiwal,0.1658,Red_Sindhi (0.0924),Gir (0.0883),./data/test\Red_Sindhi\yt_BLF2081_BLF2081_2.jpg
yt_BLF2119_BLF2119_4.jpg,Red_Sindhi,Sahiwal,0.1122,Red_Sindhi (0.0815),Vechur (0.0627),./data/test\Red_Sindhi\yt_BLF2119_BLF2119_4.jpg
yt_BLF2123_BLF2123_16.jpg,Red_Sindhi,Sahiwal,0.1223,Red_Sindhi (0.0927),Gir (0.0649),./data/test\Red_Sindhi\yt_BLF2123_BLF2123_16.jpg
yt_BLF2146_BLF2146_2.jpg,Red_Sindhi,Sahiwal,0.1318,Red_Sindhi (0.0854),Vechur (0.0650),./data/test\Red_Sindhi\yt_BLF2146_BLF2146_2.jpg
yt_BLF2178_BLF2178_0.jpg,Red_Sindhi,Sahiwal,0.13,Red_Sindhi (0.0890),Vechur (0.0702),./data/test\Red_Sindhi\yt_BLF2178_BLF2178_0.jpg
yt_BLF2190_BLF2190_0.jpg,Red_Sindhi,Sahiwal,0.149,Red_Sindhi (0.0935),Gir (0.0725),./data/test\Red_Sindhi\yt_BLF2190_BLF2190_0.jpg
yt_BLF2190_BLF2190_12.jpg,Red_Sindhi,Sahiwal,0.1228,Red_Sindhi (0.0854),Gir (0.0771),./data/test\Red_Sindhi\yt_BLF2190_BLF2190_12.jpg
yt_BLF2190_BLF2190_4.jpg,Red_Sindhi,Sahiwal,0.1641,Red_Sindhi (0.0856),Gir (0.0700),./data/test\Red_Sindhi\yt_BLF2190_BLF2190_4.jpg
yt_BLF2244_BLF2244_0.jpg,Red_Sindhi,Sahiwal,0.112,Red_Sindhi (0.0774),Gir (0.0728),./data/test\Red_Sindhi\yt_BLF2244_BLF2244_0.jpg
yt_BLF2244_BLF2244_9.jpg,Red_Sindhi,Sahiwal,0.1321,Red_Sindhi (0.0863),Vechur (0.0662),./data/test\Red_Sindhi\yt_BLF2244_BLF2244_9.jpg
yt_BLF2245_BLF2245_2.jpg,Red_Sindhi,Sahiwal,0.1717,Red_Sindhi (0.1112),Vechur (0.0873),./data/test\Red_Sindhi\yt_BLF2245_BLF2245_2.jpg
yt_BLF2245_BLF2245_4.jpg,Red_Sindhi,Sahiwal,0.1512,Red_Sindhi (0.1133),Vechur (0.0791),./data/test\Red_Sindhi\yt_BLF2245_BLF2245_4.jpg
yt_BLF2258_BLF2258_4.jpg,Red_Sindhi,Sahiwal,0.1444,Red_Sindhi (0.0888),Gir (0.0641),./data/test\Red_Sindhi\yt_BLF2258_BLF2258_4.jpg
yt_BLF2296_BLF2296_12.jpg,Red_Sindhi,Sahiwal,0.1015,Red_Sindhi (0.0919),Gir (0.0576),./data/test\Red_Sindhi\yt_BLF2296_BLF2296_12.jpg
yt_BLF2304_BLF2304_2.jpg,Red_Sindhi,Sahiwal,0.159,Red_Sindhi (0.1018),Vechur (0.0872),./data/test\Red_Sindhi\yt_BLF2304_BLF2304_2.jpg
yt_BLF2304_BLF2304_24.jpg,Red_Sindhi,Sahiwal,0.0964,Vechur (0.0820),Red_Sindhi (0.0757),./data/test\Red_Sindhi\yt_BLF2304_BLF2304_24.jpg
yt_BLF2304_BLF2304_28.jpg,Red_Sindhi,Sahiwal,0.1423,Red_Sindhi (0.0916),Vechur (0.0766),./data/test\Red_Sindhi\yt_BLF2304_BLF2304_28.jpg
yt_BLF2307_BLF2307_16.jpg,Red_Sindhi,Sahiwal,0.0817,Red_Sindhi (0.0750),Gir (0.0597),./data/test\Red_Sindhi\yt_BLF2307_BLF2307_16.jpg
yt_BLF2307_BLF2307_4.jpg,Red_Sindhi,Sahiwal,0.1321,Red_Sindhi (0.0963),Vechur (0.0668),./data/test\Red_Sindhi\yt_BLF2307_BLF2307_4.jpg
yt_BLF2518_BLF2518_16.jpg,Red_Sindhi,Sahiwal,0.1016,Red_Sindhi (0.0865),Gir (0.0752),./data/test\Red_Sindhi\yt_BLF2518_BLF2518_16.jpg
yt_BLF2518_BLF2518_4.jpg,Red_Sindhi,Sahiwal,0.1003,Red_Sindhi (0.0657),Gir (0.0622),./data/test\Red_Sindhi\yt_BLF2518_BLF2518_4.jpg
yt_BLF2527_BLF2527_12.jpg,Red_Sindhi,Sahiwal,0.1228,Red_Sindhi (0.0838),Gir (0.0648),./data/test\Red_Sindhi\yt_BLF2527_BLF2527_12.jpg
yt_BLF2527_BLF2527_24.jpg,Red_Sindhi,Sahiwal,0.0879,Red_Sindhi (0.0764),Vechur (0.0686),./data/test\Red_Sindhi\yt_BLF2527_BLF2527_24.jpg
yt_BLF2527_BLF2527_4.jpg,Red_Sindhi,Sahiwal,0.1009,Red_Sindhi (0.0685),Gir (0.0571),./data/test\Red_Sindhi\yt_BLF2527_BLF2527_4.jpg
yt_BLF2528_BLF2528_4.jpg,Red_Sindhi,Sahiwal,0.1034,Red_Sindhi (0.0816),Vechur (0.0567),./data/test\Red_Sindhi\yt_BLF2528_BLF2528_4.jpg
yt_BLF2528_BLF2528_9.jpg,Red_Sindhi,Sahiwal,0.1025,Red_Sindhi (0.0847),Gir (0.0552),./data/test\Red_Sindhi\yt_BLF2528_BLF2528_9.jpg
yt_BLF2560_BLF2560_4.jpg,Red_Sindhi,Sahiwal,0.1385,Red_Sindhi (0.0792),Vechur (0.0677),./data/test\Red_Sindhi\yt_BLF2560_BLF2560_4.jpg
yt_BLF2561_BLF2561_16.jpg,Red_Sindhi,Sahiwal,0.1729,Gir (0.0959),Red_Sindhi (0.0957),./data/test\Red_Sindhi\yt_BLF2561_BLF2561_16.jpg
yt_BLF2577_BLF2577_0.jpg,Red_Sindhi,Sahiwal,0.1634,Red_Sindhi (0.0892),Vechur (0.0737),./data/test\Red_Sindhi\yt_BLF2577_BLF2577_0.jpg
yt_BLF2577_BLF2577_2.jpg,Red_Sindhi,Sahiwal,0.1498,Red_Sindhi (0.0815),Gir (0.0623),./data/test\Red_Sindhi\yt_BLF2577_BLF2577_2.jpg
yt_BLF2577_BLF2577_4.jpg,Red_Sindhi,Sahiwal,0.1219,Red_Sindhi (0.0743),Gir (0.0593),./data/test\Red_Sindhi\yt_BLF2577_BLF2577_4.jpg
yt_BLF2577_BLF2577_9.jpg,Red_Sindhi,Sahiwal,0.0999,Red_Sindhi (0.0728),Gir (0.0564),./data/test\Red_Sindhi\yt_BLF2577_BLF2577_9.jpg
yt_BLF2617_BLF2617_2.jpg,Red_Sindhi,Sahiwal,0.111,Red_Sindhi (0.0817),Gir (0.0701),./data/test\Red_Sindhi\yt_BLF2617_BLF2617_2.jpg
yt_BLF2639_BLF2639_4.jpg,Red_Sindhi,Sahiwal,0.0815,Red_Sindhi (0.0669),Vechur (0.0598),./data/test\Red_Sindhi\yt_BLF2639_BLF2639_4.jpg
yt_BLF2647_BLF2647_4.jpg,Red_Sindhi,Sahiwal,0.1596,Red_Sindhi (0.0865),Vechur (0.0548),./data/test\Red_Sindhi\yt_BLF2647_BLF2647_4.jpg
yt_BLF2653_BLF2653_4.jpg,Red_Sindhi,Sahiwal,0.1256,Red_Sindhi (0.0692),Gir (0.0595),./data/test\Red_Sindhi\yt_BLF2653_BLF2653_4.jpg
Sahiwal_120.jpg,Sahiwal,Gir,0.1282,Sahiwal (0.1149),Vechur (0.1023),./data/test\Sahiwal\Sahiwal_120.jpg
Sahiwal_121.png,Sahiwal,Vechur,0.2262,Sahiwal (0.2142),Gir (0.1258),./data/test\Sahiwal\Sahiwal_121.png
Sahiwal_149.jpg,Sahiwal,Jersey,0.1309,Gir (0.1124),Sahiwal (0.1094),./data/test\Sahiwal\Sahiwal_149.jpg
Sahiwal_15.png,Sahiwal,Gir,0.1454,Sahiwal (0.1369),Vechur (0.0839),./data/test\Sahiwal\Sahiwal_15.png
Sahiwal_159.jpg,Sahiwal,Gir,0.1638,Sahiwal (0.1594),Jersey (0.0858),./data/test\Sahiwal\Sahiwal_159.jpg
Sahiwal_160.jpg,Sahiwal,Gir,0.1033,Vechur (0.1000),Sahiwal (0.0899),./data/test\Sahiwal\Sahiwal_160.jpg
Sahiwal_183.jpg,Sahiwal,Gir,0.2104,Sahiwal (0.2024),Red_Sindhi (0.1044),./data/test\Sahiwal\Sahiwal_183.jpg
Sahiwal_190.jpg,Sahiwal,Vechur,0.0993,Red_Sindhi (0.0863),Gir (0.0655),./data/test\Sahiwal\Sahiwal_190.jpg
Sahiwal_194.jpg,Sahiwal,Jersey,0.1456,Sahiwal (0.1273),Red_Dane (0.0940),./data/test\Sahiwal\Sahiwal_194.jpg
Sahiwal_202.jpg,Sahiwal,Jersey,0.1224,Sahiwal (0.1216),Gir (0.0807),./data/test\Sahiwal\Sahiwal_202.jpg
Sahiwal_219.jpg,Sahiwal,Gir,0.0736,Vechur (0.0692),Malnad_gidda (0.0458),./data/test\Sahiwal\Sahiwal_219.jpg
Sahiwal_221.jpg,Sahiwal,Gir,0.1126,Red_Dane (0.1007),Sahiwal (0.1000),./data/test\Sahiwal\Sahiwal_221.jpg
Sahiwal_252.jpg,Sahiwal,Jersey,0.1766,Gir (0.1290),Guernsey (0.0763),./data/test\Sahiwal\Sahiwal_252.jpg
Sahiwal_262.jpeg,Sahiwal,Vechur,0.1467,Bargur (0.1315),Gir (0.1241),./data/test\Sahiwal\Sahiwal_262.jpeg
Sahiwal_281.jpg,Sahiwal,Jersey,0.1574,Gir (0.1490),Red_Dane (0.1069),./data/test\Sahiwal\Sahiwal_281.jpg
Sahiwal_283.jpg,Sahiwal,Vechur,0.1307,Gir (0.0703),Malnad_gidda (0.0528),./data/test\Sahiwal\Sahiwal_283.jpg
Sahiwal_286.jpg,Sahiwal,Bargur,0.0577,Malnad_gidda (0.0501),Red_Sindhi (0.0457),./data/test\Sahiwal\Sahiwal_286.jpg
Sahiwal_288.jpg,Sahiwal,Vechur,0.1753,Sahiwal (0.1391),Gir (0.1302),./data/test\Sahiwal\Sahiwal_288.jpg
Sahiwal_293.jpg,Sahiwal,Gir,0.0928,Sahiwal (0.0864),Vechur (0.0792),./data/test\Sahiwal\Sahiwal_293.jpg
Sahiwal_296.jpg,Sahiwal,Vechur,0.1016,Sahiwal (0.0856),Red_Sindhi (0.0744),./data/test\Sahiwal\Sahiwal_296.jpg
Sahiwal_298.jpg,Sahiwal,Jersey,0.1557,Red_Dane (0.1136),Gir (0.0901),./data/test\Sahiwal\Sahiwal_298.jpg
Sahiwal_303.jpg,Sahiwal,Jersey,0.1679,Red_Dane (0.1052),Gir (0.0717),./data/test\Sahiwal\Sahiwal_303.jpg
Sahiwal_311.jpg,Sahiwal,Gir,0.1007,Sahiwal (0.0881),Bargur (0.0700),./data/test\Sahiwal\Sahiwal_311.jpg
Sahiwal_312.png,Sahiwal,Jersey,0.0715,Gir (0.0672),Vechur (0.0643),./data/test\Sahiwal\Sahiwal_312.png
Sahiwal_337.png,Sahiwal,Gir,0.1026,Sahiwal (0.0960),Vechur (0.0500),./data/test\Sahiwal\Sahiwal_337.png
Sahiwal_35.jpeg,Sahiwal,Vechur,0.0931,Gir (0.0808),Bargur (0.0696),./data/test\Sahiwal\Sahiwal_35.jpeg
Sahiwal_385.png,Sahiwal,Vechur,0.0858,Sahiwal (0.0738),Guernsey (0.0602),./data/test\Sahiwal\Sahiwal_385.png
Sahiwal_415.jpg,Sahiwal,Red_Dane,0.0786,Jersey (0.0712),Sahiwal (0.0698),./data/test\Sahiwal\Sahiwal_415.jpg
Sahiwal_424.jpg,Sahiwal,Gir,0.1438,Sahiwal (0.1313),Red_Sindhi (0.0921),./data/test\Sahiwal\Sahiwal_424.jpg
Sahiwal_435.jpg,Sahiwal,Vechur,0.087,Malnad_gidda (0.0801),Alambadi (0.0585),./data/test\Sahiwal\Sahiwal_435.jpg
Sahiwal_436.png,Sahiwal,Gir,0.0697,Vechur (0.0627),Kangayam (0.0556),./data/test\Sahiwal\Sahiwal_436.png
Sahiwal_442.jpg,Sahiwal,Vechur,0.1711,Gir (0.1314),Sahiwal (0.0916),./data/test\Sahiwal\Sahiwal_442.jpg
Sahiwal_46.jpg,Sahiwal,Red_Dane,0.1005,Bargur (0.0895),Ayrshire (0.0707),./data/test\Sahiwal\Sahiwal_46.jpg
Sahiwal_52.jpg,Sahiwal,Gir,0.1046,Bargur (0.0750),Sahiwal (0.0734),./data/test\Sahiwal\Sahiwal_52.jpg
Sahiwal_7.JPG,Sahiwal,Vechur,0.1519,Gir (0.1075),Sahiwal (0.0813),./data/test\Sahiwal\Sahiwal_7.JPG
Sahiwal_82.jpg,Sahiwal,Mehsana,0.0617,Bhadawari (0.0487),Surti (0.0400),./data/test\Sahiwal\Sahiwal_82.jpg
Sahiwal_84.jpg,Sahiwal,Vechur,0.1735,Sahiwal (0.1683),Gir (0.1517),./data/test\Sahiwal\Sahiwal_84.jpg
still_BLF2175_BLF2175_3.jpg,Sahiwal,Malnad_gidda,0.0712,Pulikulam (0.0561),Kasargod (0.0400),./data/test\Sahiwal\still_BLF2175_BLF2175_3.jpg
yt_BLF2175_BLF2175_12.jpg,Sahiwal,Murrah,0.0576,Malnad_gidda (0.0565),Banni (0.0533),./data/test\Sahiwal\yt_BLF2175_BLF2175_12.jpg
yt_BLF2175_BLF2175_24.jpg,Sahiwal,Murrah,0.0595,Malnad_gidda (0.0594),Banni (0.0468),./data/test\Sahiwal\yt_BLF2175_BLF2175_24.jpg
yt_BLF2571_BLF2571_12.jpg,Sahiwal,Red_Sindhi,0.0597,Sahiwal (0.0581),Vechur (0.0501),./data/test\Sahiwal\yt_BLF2571_BLF2571_12.jpg
Surti_1.jpg,Surti,Banni,0.0956,Murrah (0.0757),Nili_Ravi (0.0661),./data/test\Surti\Surti_1.jpg
Surti_2.jpg,Surti,Vechur,0.0666,Gir (0.0597),Surti (0.0440),./data/test\Surti\Surti_2.jpg
Surti_25.jpg,Surti,Banni,0.117,Bhadawari (0.0907),Jaffrabadi (0.0776),./data/test\Surti\Surti_25.jpg
Surti_35.jpg,Surti,Banni,0.0799,Murrah (0.0502),Nagpuri (0.0457),./data/test\Surti\Surti_35.jpg
Surti_37.jpg,Surti,Bhadawari,0.1162,Murrah (0.0981),Nili_Ravi (0.0930),./data/test\Surti\Surti_37.jpg
Surti_43.jpg,Surti,Toda,0.0955,Bhadawari (0.0911),Nagpuri (0.0705),./data/test\Surti\Surti_43.jpg
Surti_5.jpg,Surti,Murrah,0.1517,Banni (0.0965),Jaffrabadi (0.0925),./data/test\Surti\Surti_5.jpg
Surti_52.png,Surti,Mehsana,0.0899,Jaffrabadi (0.0763),Alambadi (0.0739),./data/test\Surti\Surti_52.png
Surti_53.png,Surti,Nili_Ravi,0.1159,Murrah (0.1133),Mehsana (0.1112),./data/test\Surti\Surti_53.png
Surti_61.jpg,Surti,Kangayam,0.1074,Umblachery (0.0696),Pulikulam (0.0579),./data/test\Surti\Surti_61.jpg
Tharparkar_125.jpg,Tharparkar,Ongole,0.1129,Hariana (0.0832),Tharparkar (0.0806),./data/test\Tharparkar\Tharparkar_125.jpg
Tharparkar_126.jpg,Tharparkar,Kherigarh,0.0718,Tharparkar (0.0699),Khillari (0.0689),./data/test\Tharparkar\Tharparkar_126.jpg
Tharparkar_133.jpg,Tharparkar,Ongole,0.092,Krishna_Valley (0.0882),Khillari (0.0757),./data/test\Tharparkar\Tharparkar_133.jpg
Tharparkar_151.png,Tharparkar,Hariana,0.1244,Hallikar (0.0986),Ongole (0.0843),./data/test\Tharparkar\Tharparkar_151.png
Tharparkar_175.png,Tharparkar,Khillari,0.1242,Tharparkar (0.1133),Deoni (0.1052),./data/test\Tharparkar\Tharparkar_175.png
Tharparkar_179.png,Tharparkar,Ongole,0.1724,Tharparkar (0.1422),Hariana (0.1127),./data/test\Tharparkar\Tharparkar_179.png
Tharparkar_180.png,Tharparkar,Ongole,0.1816,Tharparkar (0.1809),Khillari (0.1771),./data/test\Tharparkar\Tharparkar_180.png
Tharparkar_186.jpg,Tharparkar,Ongole,0.1446,Tharparkar (0.1196),Khillari (0.1159),./data/test\Tharparkar\Tharparkar_186.jpg
Tharparkar_21.jpg,Tharparkar,Kankrej,0.1708,Nagori (0.1091),Ongole (0.1016),./data/test\Tharparkar\Tharparkar_21.jpg
Tharparkar_217.png,Tharparkar,Hariana,0.1714,Ongole (0.1522),Tharparkar (0.1462),./data/test\Tharparkar\Tharparkar_217.png
Tharparkar_22.jpg,Tharparkar,Ongole,0.1348,Tharparkar (0.1053),Hariana (0.0919),./data/test\Tharparkar\Tharparkar_22.jpg
Tharparkar_51.jpg,Tharparkar,Ongole,0.1004,Tharparkar (0.0982),Hariana (0.0884),./data/test\Tharparkar\Tharparkar_51.jpg
Tharparkar_56.jpg,Tharparkar,Ongole,0.1498,Tharparkar (0.1067),Hariana (0.1064),./data/test\Tharparkar\Tharparkar_56.jpg
Tharparkar_84.jpg,Tharparkar,Ongole,0.0994,Hallikar (0.0927),Deoni (0.0882),./data/test\Tharparkar\Tharparkar_84.jpg
Tharparkar_86.jpg,Tharparkar,Ongole,0.1004,Kankrej (0.0811),Hariana (0.0733),./data/test\Tharparkar\Tharparkar_86.jpg
Tharparkar_9.jpg,Tharparkar,Ongole,0.115,Tharparkar (0.0991),Khillari (0.0937),./data/test\Tharparkar\Tharparkar_9.jpg
Tharparkar_92.png,Tharparkar,Deoni,0.1127,Khillari (0.1070),Ongole (0.1013),./data/test\Tharparkar\Tharparkar_92.png
Toda_119.jpg,Toda,Bhadawari,0.14,Toda (0.1043),Jaffrabadi (0.0691),./data/test\Toda\Toda_119.jpg
Toda_121.jpg,Toda,Brown_Swiss,0.2371,Toda (0.1497),Jersey (0.0878),./data/test\Toda\Toda_121.jpg
Toda_2.jpg,Toda,Brown_Swiss,0.152,Toda (0.0912),Bhadawari (0.0877),./data/test\Toda\Toda_2.jpg
Toda_44.jpg,Toda,Brown_Swiss,0.2707,Toda (0.2394),Guernsey (0.0474),./data/test\Toda\Toda_44.jpg
Toda_56.jpg,Toda,Bhadawari,0.0362,Toda (0.0350),Ayrshire (0.0350),./data/test\Toda\Toda_56.jpg
Toda_58.jpg,Toda,Bhadawari,0.2221,Jaffrabadi (0.1040),Toda (0.0970),./data/test\Toda\Toda_58.jpg
Toda_60.jpg,Toda,Nili_Ravi,0.0856,Toda (0.0736),Holstein_Friesian (0.0710),./data/test\Toda\Toda_60.jpg
Toda_62.jpg,Toda,Bhadawari,0.1328,Toda (0.0889),Banni (0.0700),./data/test\Toda\Toda_62.jpg
Toda_63.jpg,Toda,Bhadawari,0.1406,Nili_Ravi (0.0715),Banni (0.0588),./data/test\Toda\Toda_63.jpg
Umblachery_21.png,Umblachery,Mehsana,0.1569,Umblachery (0.0924),Nili_Ravi (0.0749),./data/test\Umblachery\Umblachery_21.png
Umblachery_27.png,Umblachery,Dangi,0.1156,Alambadi (0.0511),Holstein_Friesian (0.0454),./data/test\Umblachery\Umblachery_27.png
Umblachery_36.png,Umblachery,Kangayam,0.1243,Brown_Swiss (0.0971),Pulikulam (0.0859),./data/test\Umblachery\Umblachery_36.png
Umblachery_37.jpg,Umblachery,Kasargod,0.1314,Nili_Ravi (0.0951),Banni (0.0684),./data/test\Umblachery\Umblachery_37.jpg
Umblachery_4.jpg,Umblachery,Banni,0.0733,Pulikulam (0.0710),Malnad_gidda (0.0638),./data/test\Umblachery\Umblachery_4.jpg
Umblachery_67.png,Umblachery,Mehsana,0.0959,Murrah (0.0939),Banni (0.0873),./data/test\Umblachery\Umblachery_67.png
Umblachery_76.jpeg,Umblachery,Nili_Ravi,0.1433,Banni (0.1222),Kasargod (0.0783),./data/test\Umblachery\Umblachery_76.jpeg
Umblachery_8.jpg,Umblachery,Malnad_gidda,0.0977,Nili_Ravi (0.0856),Umblachery (0.0657),./data/test\Umblachery\Umblachery_8.jpg
00000117.jpg,Vechur,Malnad_gidda,0.0613,Nimari (0.0482),Vechur (0.0477),./data/test\Vechur\00000117.jpg
00000119.jpg,Vechur,Gir,0.1581,Sahiwal (0.0985),Jersey (0.0771),./data/test\Vechur\00000119.jpg
00000166.jpg,Vechur,Gir,0.168,Jersey (0.1473),Red_Dane (0.0947),./data/test\Vechur\00000166.jpg
00000180.jpeg,Vechur,Sahiwal,0.1229,Gir (0.0783),Vechur (0.0671),./data/test\Vechur\00000180.jpeg
00000195.jpg,Vechur,Jersey,0.2114,Gir (0.1036),Vechur (0.0933),./data/test\Vechur\00000195.jpg
00000209.jpg,Vechur,Sahiwal,0.1298,Vechur (0.1257),Gir (0.1094),./data/test\Vechur\00000209.jpg
00000278.jpg,Vechur,Banni,0.1172,Malnad_gidda (0.1019),Kangayam (0.0676),./data/test\Vechur\00000278.jpg
00000391.jpg,Vechur,Jersey,0.2033,Guernsey (0.1044),Vechur (0.0917),./data/test\Vechur\00000391.jpg
Screenshot (268).png,Vechur,Gir,0.0715,Vechur (0.0703),Nimari (0.0649),./data/test\Vechur\Screenshot (268).png
Screenshot (275).png,Vechur,Gir,0.1219,Vechur (0.1102),Bargur (0.0561),./data/test\Vechur\Screenshot (275).png
